DAY,SO2,O3,CO,NO,NO2,BEN
1-Jan-18,13,19,3.3,243,67,14.11
2-Jan-18,10,16,1.8,156,77,7.33
3-Jan-18,10,16,1.8,144,75,6.77
4-Jan-18,9,16,1.4,113,71,5.50
5-Jan-18,15,17,2.6,203,91,9.55
6-Jan-18,11,18,2.6,212,81,11.07
7-Jan-18,9,17,2.3,170,69,9.09
8-Jan-18,8,16,2.3,175,69,9.66
9-Jan-18,7,20,1.1,71,57,3.98
10-Jan-18,6,21,1.0,62,56,3.69
11-Jan-18,9,16,1.9,161,67,7.26
12-Jan-18,9,17,1.5,115,70,5.76
13-Jan-18,6,20,0.8,36,57,2.36
14-Jan-18,5,26,0.5,15,44,1.35
15-Jan-18,7,17,1.9,125,70,6.93
16-Jan-18,9,22,2.4,181,82,9.87
17-Jan-18,11,25,2.0,159,90,7.70
18-Jan-18,7,31,0.9,51,74,3.02
19-Jan-18,11,32,2.0,169,95,7.38
20-Jan-18,9,33,1.8,138,83,7.00
21-Jan-18,7,31,1.1,89,78,3.22
22-Jan-18,9,26,1.1,73,71,3.81
23-Jan-18,7,41,1.0,54,67,3.31
24-Jan-18,5,58,0.5,12,54,1.44
25-Jan-18,6,0,0.8,40,66,2.68
26-Jan-18,7,0,1.1,69,79,3.67
27-Jan-18,6,0,1.1,63,73,3.81
28-Jan-18,10,0,2.0,162,82,7.71
29-Jan-18,18,0,3.7,290,90,14.57
30-Jan-18,15,0,3.4,274,87,14.20
31-Jan-18,16,0,3.9,315,101,15.79
1-Feb-18,13,0,2.7,201,93,11.04
2-Feb-18,9,0,1.7,121,79,6.83
3-Feb-18,6,0,0.7,31,58,1.90
4-Feb-18,8,0,1.0,62,68,3.18
5-Feb-18,7,18,1.6,93,59,4.87
6-Feb-18,7,17,1.3,49,62,3.17
7-Feb-18,8,8,2.1,108,80,6.56
8-Feb-18,9,4,2.1,127,94,6.66
9-Feb-18,11,4,2.2,139,97,7.05
10-Feb-18,7,19,1.0,29,48,2.17
11-Feb-18,11,7,1.4,67,75,3.32
12-Feb-18,16,3,1.8,124,95,6.36
13-Feb-18,17,3,1.4,93,95,5.24
14-Feb-18,16,5,1.4,106,86,5.33
15-Feb-18,14,9,1.0,71,67,4.25
16-Feb-18,10,3,1.3,110,74,5.38
17-Feb-18,7,7,1.3,94,67,5.26
18-Feb-18,9,3,1.3,95,79,5.72
19-Feb-18,6,13,0.7,27,47,2.85
20-Feb-18,4,12,0.7,35,48,2.78
21-Feb-18,7,7,1.3,85,58,5.13
22-Feb-18,10,2,1.8,125,76,7.58
23-Feb-18,8,5,1.1,58,62,4.48
24-Feb-18,7,7,1.1,76,62,4.68
25-Feb-18,5,18,0.5,23,33,2.00
26-Feb-18,6,12,1.1,71,64,4.34
27-Feb-18,9,4,1.4,95,76,5.97
28-Feb-18,8,6,1.1,82,79,3.44
1-Mar-18,8,4,1.3,84,85,3.25
2-Mar-18,6,9,1.1,50,66,3.06
3-Mar-18,14,2,1.7,117,77,7.23
4-Mar-18,15,2,1.5,114,77,6.36
5-Mar-18,10,12,1.0,60,47,4.30
6-Mar-18,8,5,1.1,57,69,4.57
7-Mar-18,8,4,1.3,96,79,5.83
8-Mar-18,8,3,1.1,69,87,4.66
9-Mar-18,11,2,1.5,117,95,6.32
10-Mar-18,11,1,1.6,120,92,7.03
11-Mar-18,10,1,1.4,102,91,6.20
12-Mar-18,10,2,1.4,104,83,6.31
13-Mar-18,7,2,1.0,65,80,4.34
14-Mar-18,7,1,1.1,90,82,5.26
15-Mar-18,7,1,1.2,99,85,5.64
16-Mar-18,9,1,1.6,142,90,7.65
17-Mar-18,9,4,1.2,96,79,6.03
18-Mar-18,7,7,0.7,58,66,3.51
19-Mar-18,7,3,1.0,75,81,4.53
20-Mar-18,7,2,1.1,83,83,5.08
21-Mar-18,7,2,1.0,78,79,5.07
22-Mar-18,5,20,0.3,11,48,1.42
23-Mar-18,6,2,1.0,71,85,6.01
24-Mar-18,6,2,0.8,55,86,3.94
25-Mar-18,5,12,0.6,39,68,2.65
26-Mar-18,5,9,0.9,60,76,3.48
27-Mar-18,9,5,1.4,108,92,0.00
28-Mar-18,9,9,0.9,69,74,4.27
29-Mar-18,6,10,1.1,64,83,5.27
30-Mar-18,10,4,1.6,106,109,7.96
31-Mar-18,10,4,1.3,96,88,7.10
1-Apr-18,7,19,0.4,25,58,2.25
2-Apr-18,8,10,1.0,72,89,5.28
3-Apr-18,9,6,1.6,121,97,8.04
4-Apr-18,15,2,1.6,122,111,8.82
5-Apr-18,17,2,1.8,140,114,9.06
6-Apr-18,13,23,0.6,36,68,3.13
7-Apr-18,6,23,0.5,29,56,2.72
8-Apr-18,4,45,0.2,9,36,1.29
9-Apr-18,3,39,0.4,19,57,1.92
10-Apr-18,10,5,1.2,89,102,6.01
11-Apr-18,14,3,1.7,144,105,8.77
12-Apr-18,14,2,1.7,133,107,8.77
13-Apr-18,15,2,1.8,133,107,8.94
14-Apr-18,16,5,1.5,96,104,7.60
15-Apr-18,11,30,0.4,16,57,2.39
16-Apr-18,10,13,1.1,70,83,5.50
17-Apr-18,15,4,1.4,100,99,7.23
18-Apr-18,12,10,1.4,95,93,7.10
19-Apr-18,9,12,0.9,53,82,4.08
20-Apr-18,11,18,0.9,68,72,5.38
21-Apr-18,4,32,0.4,18,53,1.97
22-Apr-18,10,8,1.0,72,103,5.25
23-Apr-18,14,3,1.7,123,113,8.63
24-Apr-18,18,2,1.9,136,124,9.58
25-Apr-18,18,2,1.9,148,124,10.31
26-Apr-18,18,2,1.9,142,127,10.15
27-Apr-18,20,2,1.9,136,127,10.50
28-Apr-18,11,46,0.4,14,52,2.13
29-Apr-18,9,20,0.6,27,81,3.14
30-Apr-18,10,11,0.8,47,77,3.29
1-May-18,11,9,0.8,48,80,0.00
2-May-18,14,6,1.5,98,105,7.93
3-May-18,11,31,0.7,37,67,3.87
4-May-18,14,5,1.7,98,109,7.81
5-May-18,14,5,1.1,67,88,0.00
6-May-18,10,10,0.6,44,62,0.00
7-May-18,8,6,1.0,66,67,6.88
8-May-18,12,2,1.8,118,89,9.24
9-May-18,14,2,1.7,117,88,8.67
10-May-18,14,2,1.4,100,87,7.32
11-May-18,11,9,1.1,71,73,5.42
12-May-18,8,18,0.6,31,60,0.00
13-May-18,9,7,1.0,60,93,0.00
14-May-18,11,3,1.5,92,90,7.93
15-May-18,14,2,1.6,112,91,8.37
16-May-18,15,2,1.8,132,91,9.22
17-May-18,16,2,1.6,118,94,8.45
18-May-18,16,1,1.6,123,84,8.52
19-May-18,14,7,1.2,78,78,6.38
20-May-18,10,11,0.6,37,60,3.87
21-May-18,7,27,0.4,13,47,0.00
22-May-18,8,13,0.9,51,87,3.97
23-May-18,9,12,1.1,63,85,5.60
24-May-18,13,3,1.5,105,89,7.21
25-May-18,11,8,1.0,56,74,5.31
26-May-18,8,19,0.5,17,70,2.88
27-May-18,6,25,0.2,8,41,0.00
28-May-18,5,28,0.3,14,38,0.00
29-May-18,5,28,0.4,15,51,1.91
30-May-18,6,19,0.7,36,66,3.55
31-May-18,6,23,0.6,27,66,3.44
1-Jun-18,9,13,1.0,64,88,5.09
2-Jun-18,7,27,0.6,33,71,3.52
3-Jun-18,9,5,1.1,62,103,5.41
4-Jun-18,13,2,1.5,103,114,8.78
5-Jun-18,17,2,1.6,119,109,9.12
6-Jun-18,16,2,1.5,122,95,8.18
7-Jun-18,17,3,1.4,90,85,7.20
8-Jun-18,15,3,1.5,85,98,7.88
9-Jun-18,16,3,1.3,79,95,6.37
10-Jun-18,14,6,0.9,54,75,4.20
11-Jun-18,11,11,0.9,37,77,4.34
12-Jun-18,12,14,1.1,55,83,5.04
13-Jun-18,17,5,1.7,76,105,9.05
14-Jun-18,18,6,1.7,73,90,8.51
15-Jun-18,15,10,1.0,55,70,4.56
16-Jun-18,9,10,0.7,34,55,3.34
17-Jun-18,10,8,1.0,62,61,4.81
18-Jun-18,13,6,1.7,101,83,7.37
19-Jun-18,13,19,1.1,51,69,2.87
20-Jun-18,10,34,0.9,35,70,0.00
21-Jun-18,11,18,1.4,66,92,7.59
22-Jun-18,15,4,1.6,92,103,7.78
23-Jun-18,13,15,1.0,54,77,4.99
24-Jun-18,9,32,0.5,20,40,0.00
25-Jun-18,7,41,0.6,25,43,2.80
26-Jun-18,5,40,0.5,17,39,3.05
27-Jun-18,4,21,0.9,43,49,4.94
28-Jun-18,7,4,1.4,76,82,6.49
29-Jun-18,8,6,1.3,70,87,6.26
30-Jun-18,9,12,1.1,55,87,4.94
1-Jul-18,8,12,1.1,53,79,4.69
2-Jul-18,10,4,1.6,96,116,8.45
3-Jul-18,13,3,1.6,90,128,1.90
4-Jul-18,10,9,1.4,77,114,8.63
5-Jul-18,10,3,1.4,84,101,7.54
6-Jul-18,12,1,1.5,87,100,8.90
7-Jul-18,10,3,1.2,61,100,5.32
8-Jul-18,7,10,0.7,17,61,0.00
9-Jul-18,8,6,1.3,70,93,6.13
10-Jul-18,8,6,1.3,64,84,6.50
11-Jul-18,8,6,1.3,67,98,6.34
12-Jul-18,9,10,1.4,77,93,6.67
13-Jul-18,10,0,1.3,75,87,0.00
14-Jul-18,8,0,0.6,19,58,0.00
15-Jul-18,5,0,0.6,21,67,0.00
16-Jul-18,8,7,1.3,65,100,0.00
17-Jul-18,12,5,1.5,92,98,0.00
18-Jul-18,10,7,1.1,51,83,0.00
19-Jul-18,9,13,1.0,46,87,0.00
20-Jul-18,7,16,1.0,46,71,4.02
21-Jul-18,8,7,1.2,55,92,0.00
22-Jul-18,18,5,1.3,53,93,0.00
23-Jul-18,10,0,1.3,74,91,4.99
24-Jul-18,8,0,1.4,69,86,5.73
25-Jul-18,9,0,1.4,65,87,0.00
26-Jul-18,8,12,1.3,55,64,5.69
27-Jul-18,9,4,1.5,66,88,7.31
28-Jul-18,7,4,1.2,48,75,5.01
29-Jul-18,7,3,1.1,42,73,0.00
30-Jul-18,7,16,1.5,0,0,5.14
31-Jul-18,11,16,1.4,66,60,6.07
1-Aug-18,11,16,1.3,52,49,4.85
2-Aug-18,9,25,1.0,43,41,4.63
3-Aug-18,7,28,0.7,21,37,2.63
4-Aug-18,6,22,0.8,25,54,2.61
5-Aug-18,5,55,0.5,12,39,1.32
6-Aug-18,5,50,0.7,25,55,1.36
7-Aug-18,6,41,0.9,32,62,3.41
8-Aug-18,5,45,0.7,22,50,0.69
9-Aug-18,4,41,0.7,20,45,2.55
10-Aug-18,3,44,0.5,13,35,1.69
11-Aug-18,3,47,0.5,12,33,0.00
12-Aug-18,3,52,0.4,9,29,0.00
13-Aug-18,3,50,0.6,16,38,0.00
14-Aug-18,4,39,0.8,31,56,0.00
15-Aug-18,5,30,0.8,28,57,0.00
16-Aug-18,6,38,0.9,28,60,0.00
17-Aug-18,6,24,1.0,43,66,0.00
18-Aug-18,6,31,0.9,32,59,0.00
19-Aug-18,5,49,0.6,13,41,0.00
20-Aug-18,3,61,0.5,9,34,0.00
21-Aug-18,3,44,0.6,18,48,3.27
22-Aug-18,5,32,0.8,34,65,0.00
23-Aug-18,5,33,0.9,33,64,2.96
24-Aug-18,6,28,1.2,46,75,0.00
25-Aug-18,8,16,1.3,53,73,0.00
26-Aug-18,8,16,1.2,47,66,0.00
27-Aug-18,8,27,1.0,42,60,0.00
28-Aug-18,6,23,0.9,36,50,0.00
29-Aug-18,6,28,0.9,33,58,0.00
30-Aug-18,7,35,1.0,47,64,0.00
31-Aug-18,9,32,1.1,53,67,0.00
1-Sep-18,8,35,1.1,56,66,0.00
2-Sep-18,8,35,1.0,50,68,0.00
3-Sep-18,12,19,1.6,98,92,0.00
4-Sep-18,12,14,1.5,82,94,0.00
5-Sep-18,13,18,1.5,78,90,0.00
6-Sep-18,11,22,1.3,57,84,0.00
7-Sep-18,11,13,1.6,75,95,8.03
8-Sep-18,11,18,1.2,59,74,5.44
9-Sep-18,11,20,1.3,67,74,7.99
10-Sep-18,12,22,1.3,70,83,0.00
11-Sep-18,11,30,1.2,68,74,0.00
12-Sep-18,8,40,0.9,35,60,0.00
13-Sep-18,6,35,0.9,39,58,0.00
14-Sep-18,10,21,1.4,67,77,0.00
15-Sep-18,12,14,1.6,84,88,0.00
16-Sep-18,13,35,1.1,65,60,0.00
17-Sep-18,7,46,0.8,27,54,0.00
18-Sep-18,5,42,0.7,21,47,0.00
19-Sep-18,6,37,0.8,32,50,0.00
20-Sep-18,5,37,0.8,30,53,0.00
21-Sep-18,6,28,1.1,55,60,0.00
22-Sep-18,10,15,1.5,79,86,0.00
23-Sep-18,10,24,1.3,62,77,0.00
24-Sep-18,15,9,2.0,130,101,0.00
25-Sep-18,11,27,0.9,46,45,0.00
26-Sep-18,3,51,0.6,8,28,0.00
27-Sep-18,2,49,0.5,5,23,0.00
28-Sep-18,2,40,0.4,7,23,0.00
29-Sep-18,2,36,0.4,7,23,0.00
30-Sep-18,3,15,0.9,51,47,0.00
1-Oct-18,7,9,1.6,106,67,0.00
2-Oct-18,13,9,2.4,137,85,0.00
3-Oct-18,12,7,2.2,126,72,9.10
4-Oct-18,10,19,1.5,81,51,9.21
5-Oct-18,5,51,0.6,8,35,0.00
6-Oct-18,5,30,1.1,53,61,0.00
7-Oct-18,8,17,1.3,69,70,0.00
8-Oct-18,9,12,1.6,86,73,5.80
9-Oct-18,5,26,1.1,44,55,0.00
10-Oct-18,4,33,0.9,28,56,0.00
11-Oct-18,4,30,1.3,49,64,1.61
12-Oct-18,4,17,1.4,57,63,0.00
13-Oct-18,3,41,0.6,11,33,0.00
14-Oct-18,3,28,0.9,34,40,0.00
15-Oct-18,6,15,1.3,68,56,0.00
16-Oct-18,4,18,1.5,75,62,1.97
17-Oct-18,4,23,1.5,73,66,3.47
18-Oct-18,4,19,1.6,83,62,1.30
19-Oct-18,5,8,2.1,119,80,0.00
20-Oct-18,5,13,1.9,104,75,0.00
21-Oct-18,3,38,0.8,18,43,0.00
22-Oct-18,3,44,0.8,12,41,0.00
23-Oct-18,3,31,0.8,18,41,3.13
24-Oct-18,4,18,0.5,109,75,10.72
25-Oct-18,3,17,0.0,66,60,3.74
26-Oct-18,5,2,0.0,158,95,8.73
27-Oct-18,3,1,0.0,152,81,0.00
28-Oct-18,2,14,0.0,47,52,0.00
29-Oct-18,2,6,0.0,89,70,8.07
30-Oct-18,3,1,0.0,125,74,0.00
31-Oct-18,2,1,0.0,138,76,0.00
1-Nov-18,0,14,0.0,135,72,0.00
2-Nov-18,0,20,0.0,145,74,0.00
3-Nov-18,0,22,0.0,89,61,0.00
4-Nov-18,0,33,0.0,30,45,0.00
5-Nov-18,0,20,0.0,84,67,0.00
6-Nov-18,0,23,0.0,71,60,0.00
7-Nov-18,0,21,0.0,54,50,0.00
8-Nov-18,0,19,0.0,69,53,0.00
9-Nov-18,0,21,0.0,61,55,0.00
10-Nov-18,0,27,0.0,52,51,0.00
11-Nov-18,0,28,0.0,50,50,0.00
12-Nov-18,0,21,0.0,75,63,0.00
13-Nov-18,0,30,0.0,29,50,0.00
14-Nov-18,0,39,0.0,18,34,0.00
15-Nov-18,0,31,0.0,35,45,0.00
16-Nov-18,0,31,0.0,24,41,0.00
17-Nov-18,0,27,0.0,15,28,0.00
18-Nov-18,0,19,0.0,75,35,0.00
19-Nov-18,0,13,0.0,172,58,0.00
20-Nov-18,0,11,0.0,181,61,0.00
21-Nov-18,0,13,0.0,130,73,0.00
22-Nov-18,0,15,0.0,101,58,0.00
23-Nov-18,0,34,0.0,10,26,0.00
24-Nov-18,0,27,0.0,51,46,0.00
25-Nov-18,0,14,0.0,96,57,0.00
26-Nov-18,0,16,0.0,89,60,0.00
27-Nov-18,0,16,0.0,60,60,0.00
28-Nov-18,0,15,0.0,124,74,0.00
29-Nov-18,0,29,0.0,14,26,0.00
30-Nov-18,0,24,0.0,52,45,0.00
1-Dec-18,0,16,0.0,86,57,0.00
2-Dec-18,0,24,0.0,35,43,0.00
3-Dec-18,0,17,0.0,103,63,0.00
4-Dec-18,0,12,0.0,142,65,0.00
5-Dec-18,0,14,0.0,113,62,0.00
6-Dec-18,0,27,0.0,23,46,0.00
7-Dec-18,0,31,0.0,62,48,0.00
8-Dec-18,0,12,0.0,195,82,0.00
9-Dec-18,0,12,0.0,120,72,0.00
10-Dec-18,0,9,0.0,122,73,0.00
11-Dec-18,0,9,0.0,97,60,0.00
12-Dec-18,0,3,0.0,167,80,0.00
13-Dec-18,0,3,0.0,97,60,0.00
14-Dec-18,0,1,0.0,166,66,0.00
15-Dec-18,0,10,0.0,63,56,0.00
16-Dec-18,0,8,0.0,91,67,0.00
17-Dec-18,0,2,0.0,176,73,0.00
18-Dec-18,0,8,0.0,69,46,0.00
19-Dec-18,0,5,0.0,76,51,0.00
20-Dec-18,0,7,0.0,95,53,0.00
21-Dec-18,0,2,0.0,224,73,0.00
22-Dec-18,0,2,0.0,220,75,0.00
23-Dec-18,0,3,0.0,224,80,0.00
24-Dec-18,0,2,0.0,230,75,0.00
25-Dec-18,0,8,0.0,41,41,0.00
26-Dec-18,0,17,0.0,42,44,0.00
27-Dec-18,0,4,0.0,89,66,0.00
28-Dec-18,0,5,0.0,157,72,0.00
29-Dec-18,0,4,0.0,171,67,0.00
30-Dec-18,0,10,0.0,56,52,0.00
31-Dec-18,0,12,0.0,22,38,0.00
1-Jan-19,0,27,0.0,10,25,0.00
2-Jan-19,0,10,0.0,88,58,0.00
3-Jan-19,0,9,0.0,49,45,0.00
4-Jan-19,0,4,0.0,87,55,6.46
5-Jan-19,0,4,0.0,78,62,5.60
6-Jan-19,0,8,0.0,64,64,0.00
7-Jan-19,0,18,0.0,35,49,0.00
8-Jan-19,0,9,0.0,103,61,0.00
9-Jan-19,0,2,0.0,122,65,5.65
10-Jan-19,0,6,0.0,60,65,4.30
11-Jan-19,0,6,0.0,88,73,6.02
12-Jan-19,0,11,0.0,44,45,3.52
13-Jan-19,0,4,0.0,113,74,6.39
14-Jan-19,0,2,0.0,157,76,9.31
15-Jan-19,0,12,0.0,44,57,3.58
16-Jan-19,0,16,0.0,126,70,11.30
17-Jan-19,0,2,0.0,240,88,13.53
18-Jan-19,0,2,0.0,231,89,12.79
19-Jan-19,0,1,0.0,170,75,10.53
20-Jan-19,0,3,0.0,86,64,5.43
21-Jan-19,0,4,0.0,131,64,6.77
22-Jan-19,0,4,0.0,88,62,5.82
23-Jan-19,0,9,0.0,53,54,3.21
24-Jan-19,0,6,0.0,83,70,4.75
25-Jan-19,0,24,0.0,16,38,1.39
26-Jan-19,0,10,0.0,102,71,5.93
27-Jan-19,0,4,0.0,111,71,7.23
28-Jan-19,0,4,0.0,135,68,8.18
29-Jan-19,0,27,0.0,19,48,1.87
30-Jan-19,0,14,0.0,97,69,7.60
31-Jan-19,0,3,0.0,95,77,5.86
1-Feb-19,0,6,0.0,143,84,7.91
2-Feb-19,0,4,0.0,151,72,9.93
3-Feb-19,0,3,0.0,106,70,7.39
4-Feb-19,0,17,0.0,57,47,4.28
5-Feb-19,0,27,0.0,15,45,2.04
6-Feb-19,0,17,0.0,40,52,2.99
7-Feb-19,0,22,0.0,15,32,1.97
8-Feb-19,0,14,0.0,54,58,3.98
9-Feb-19,0,10,0.0,83,58,0.00
10-Feb-19,0,3,0.0,140,72,0.00
11-Feb-19,0,4,0.0,105,87,0.00
12-Feb-19,0,16,0.0,60,64,5.29
13-Feb-19,0,16,0.0,40,48,2.67
14-Feb-19,0,28,0.0,21,45,2.06
15-Feb-19,0,18,0.0,36,51,2.92
16-Feb-19,0,28,0.0,18,43,1.92
17-Feb-19,0,24,0.0,42,53,3.14
18-Feb-19,0,3,0.0,196,95,12.22
19-Feb-19,0,2,0.0,209,89,13.13
20-Feb-19,0,2,0.0,192,88,11.52
21-Feb-19,0,7,0.0,137,79,8.66
22-Feb-19,0,2,0.0,128,89,8.56
23-Feb-19,0,22,0.0,11,37,1.50
24-Feb-19,0,37,0.0,5,24,0.86
25-Feb-19,0,24,0.0,29,44,2.09
26-Feb-19,0,11,0.0,93,73,3.81
27-Feb-19,0,24,0.0,36,60,0.00
28-Feb-19,0,7,0.0,95,81,7.98
1-Mar-19,3,3,0.0,99,88,7.11
2-Mar-19,5,6,0.0,76,84,5.53
3-Mar-19,3,27,0.0,18,50,0.00
4-Mar-19,6,8,0.0,86,81,6.22
5-Mar-19,6,2,0.0,126,90,8.86
6-Mar-19,6,4,0.0,101,94,5.52
7-Mar-19,6,1,0.0,143,90,8.70
8-Mar-19,8,1,0.0,154,90,9.73
9-Mar-19,6,2,0.0,106,88,0.00
10-Mar-19,4,6,0.0,59,75,0.00
11-Mar-19,4,15,0.0,39,66,0.00
12-Mar-19,5,15,0.0,44,52,1.65
13-Mar-19,3,15,0.0,41,52,0.45
14-Mar-19,0,9,0.0,70,67,0.00
15-Mar-19,0,7,0.0,88,76,0.00
16-Mar-19,0,4,0.0,136,97,0.00
17-Mar-19,0,8,0.0,109,95,0.00
18-Mar-19,0,2,0.0,128,92,0.00
19-Mar-19,0,2,0.0,113,97,0.00
20-Mar-19,0,13,0.0,69,72,0.00
21-Mar-19,0,33,0.0,15,64,0.00
22-Mar-19,0,37,0.0,14,61,0.00
23-Mar-19,0,47,0.0,11,61,0.00
24-Mar-19,0,47,0.0,7,59,0.00
25-Mar-19,0,24,0.0,37,90,0.00
26-Mar-19,0,3,0.0,137,109,0.00
27-Mar-19,0,18,0.0,62,76,0.00
28-Mar-19,0,35,0.0,0,0,0.00
29-Mar-19,0,47,0.0,17,39,0.00
30-Mar-19,0,44,0.0,19,40,0.00
31-Mar-19,0,40,0.0,22,47,0.00
1-Apr-19,0,28,0.0,45,66,0.00
2-Apr-19,3,43,0.0,14,44,0.00
3-Apr-19,4,42,0.0,30,53,0.00
4-Apr-19,5,18,0.0,50,74,0.00
5-Apr-19,6,15,0.0,61,73,0.00
6-Apr-19,5,12,0.0,20,37,0.00
7-Apr-19,5,9,0.0,52,75,0.00
8-Apr-19,6,5,0.0,68,75,0.00
9-Apr-19,6,8,0.0,55,74,0.00
10-Apr-19,6,8,0.0,70,75,0.00
11-Apr-19,5,7,0.0,70,81,0.00
12-Apr-19,6,4,0.0,79,77,0.00
13-Apr-19,7,7,0.0,84,78,0.00
14-Apr-19,8,5,0.0,113,73,0.00
15-Apr-19,7,10,0.0,60,61,0.00
16-Apr-19,4,14,0.0,25,46,0.00
17-Apr-19,7,0,0.0,105,84,0.00
18-Apr-19,5,0,0.0,46,64,0.00
19-Apr-19,4,0,0.0,23,59,0.00
20-Apr-19,6,0,0.0,27,53,0.00
21-Apr-19,6,0,0.0,24,65,0.00
22-Apr-19,8,0,0.0,85,89,0.00
23-Apr-19,7,0,0.0,71,91,0.00
24-Apr-19,7,0,0.0,76,92,0.00
25-Apr-19,7,0,0.0,119,104,0.00
26-Apr-19,7,0,0.0,72,107,0.00
27-Apr-19,7,0,0.0,74,92,0.00
28-Apr-19,7,0,0.0,41,73,0.00
29-Apr-19,7,0,0.0,28,74,0.00
30-Apr-19,8,0,0.0,50,91,0.00
1-May-19,8,0,0.0,29,91,0.00
2-May-19,8,0,0.0,51,100,0.00
3-May-19,8,0,0.0,57,102,0.00
4-May-19,8,0,0.0,56,94,0.00
5-May-19,8,0,0.0,23,65,0.00
6-May-19,8,0,0.0,61,92,0.00
7-May-19,8,0,0.0,43,86,0.00
8-May-19,7,0,0.0,42,78,0.00
9-May-19,8,0,0.0,63,95,0.00
10-May-19,8,3,1.5,68,102,0.00
11-May-19,8,3,1.2,78,87,0.00
12-May-19,8,4,1.0,67,84,0.00
13-May-19,8,10,1.4,63,79,0.00
14-May-19,8,12,0.0,62,80,0.00
15-May-19,9,4,0.0,82,94,0.00
16-May-19,8,4,2.0,83,92,0.00
17-May-19,7,4,2.2,90,99,0.00
18-May-19,7,4,2.2,93,96,0.00
19-May-19,6,6,1.8,54,96,0.00
20-May-19,7,3,2.3,102,104,0.00
21-May-19,8,3,2.3,102,100,0.00
22-May-19,8,2,2.4,115,111,0.00
23-May-19,8,6,2.2,81,109,0.00
24-May-19,7,7,2.0,59,99,0.00
25-May-19,7,7,1.9,56,98,0.00
26-May-19,8,6,2.0,57,101,0.00
27-May-19,8,9,2.0,84,94,0.00
28-May-19,8,5,2.4,95,101,0.00
29-May-19,8,6,2.0,65,94,0.00
30-May-19,8,6,2.2,90,96,0.00
31-May-19,9,3,2.4,111,99,0.00
1-Jun-19,8,7,1.9,52,95,0.00
2-Jun-19,8,10,1.7,40,82,0.00
3-Jun-19,9,7,2.0,61,92,0.00
4-Jun-19,10,9,2.0,56,85,0.00
5-Jun-19,9,5,2.0,69,86,0.00
6-Jun-19,10,5,2.2,81,93,0.00
7-Jun-19,10,4,2.3,91,102,0.00
8-Jun-19,9,7,2.0,73,88,0.00
9-Jun-19,9,18,1.6,47,67,0.00
10-Jun-19,8,25,1.4,15,64,0.00
11-Jun-19,9,13,1.8,40,77,0.00
12-Jun-19,11,5,2.3,82,93,0.00
13-Jun-19,11,4,2.3,80,110,0.00
14-Jun-19,12,3,2.4,96,117,0.00
15-Jun-19,10,22,1.4,21,70,0.00
16-Jun-19,10,30,1.4,12,57,0.00
17-Jun-19,10,15,1.7,35,89,0.00
18-Jun-19,11,15,1.8,40,84,0.00
19-Jun-19,12,9,2.2,71,100,0.00
20-Jun-19,11,8,2.2,66,106,0.00
21-Jun-19,12,5,2.6,88,130,0.00
22-Jun-19,11,15,1.8,44,90,0.00
23-Jun-19,11,12,1.8,43,104,0.00
24-Jun-19,12,6,2.2,79,118,0.00
25-Jun-19,10,23,1.3,17,65,0.00
26-Jun-19,9,13,1.3,17,62,0.00
27-Jun-19,10,14,1.4,16,60,0.00
28-Jun-19,10,9,1.6,27,91,0.00
29-Jun-19,10,25,1.1,4,38,0.00
30-Jun-19,9,24,1.1,3,34,0.00
1-Jul-19,9,19,1.2,9,50,0.00
2-Jul-19,10,4,1.7,45,89,0.00
3-Jul-19,12,2,2.4,90,132,0.00
4-Jul-19,10,11,1.6,39,83,0.00
5-Jul-19,11,20,1.6,42,82,0.00
6-Jul-19,12,17,1.6,38,78,0.00
7-Jul-19,12,9,1.8,38,110,0.00
8-Jul-19,14,5,2.0,75,120,0.00
9-Jul-19,16,5,1.8,73,124,0.00
10-Jul-19,16,6,0.0,65,119,0.00
11-Jul-19,15,26,0.0,16,51,0.00
12-Jul-19,14,17,1.6,43,90,0.00
13-Jul-19,15,15,0.0,31,87,0.00
14-Jul-19,15,18,0.0,27,47,0.00
15-Jul-19,2,16,0.3,32,70,0.00
16-Jul-19,4,23,0.2,23,57,0.00
17-Jul-19,4,13,0.2,36,75,0.00
18-Jul-19,4,19,0.2,34,73,0.00
19-Jul-19,4,22,0.3,48,75,0.00
20-Jul-19,3,24,0.1,19,70,0.00
21-Jul-19,3,31,0.1,18,60,0.00
22-Jul-19,3,26,0.1,19,73,0.00
23-Jul-19,4,21,0.1,22,86,0.00
24-Jul-19,4,28,0.1,21,60,0.00
25-Jul-19,4,25,0.2,22,65,0.00
26-Jul-19,4,17,0.2,27,77,0.00
27-Jul-19,5,11,0.2,43,97,0.00
28-Jul-19,6,12,0.2,42,101,0.00
29-Jul-19,7,4,0.5,79,102,0.00
30-Jul-19,8,9,0.4,63,81,0.00
31-Jul-19,6,13,0.2,43,77,0.00
1-Aug-19,6,15,0.3,40,77,0.00
2-Aug-19,5,22,0.2,30,77,0.00
3-Aug-19,7,6,0.3,51,103,0.00
4-Aug-19,6,26,0.1,19,60,0.00
5-Aug-19,6,45,0.1,5,40,1.46
6-Aug-19,5,28,0.1,15,65,1.83
7-Aug-19,5,31,0.2,21,64,1.87
8-Aug-19,6,18,0.3,43,88,3.18
9-Aug-19,7,13,0.3,48,83,2.95
10-Aug-19,5,34,0.1,4,50,1.13
11-Aug-19,5,40,0.1,6,42,1.01
12-Aug-19,5,32,0.1,13,58,1.42
13-Aug-19,6,31,0.2,14,63,2.19
14-Aug-19,7,17,0.2,22,76,2.34
15-Aug-19,7,21,0.1,19,56,1.57
16-Aug-19,7,21,0.2,22,65,1.90
17-Aug-19,6,32,0.1,11,48,1.28
18-Aug-19,5,47,0.1,3,32,0.70
19-Aug-19,6,43,0.1,6,44,0.99
20-Aug-19,5,32,0.1,7,52,1.06
21-Aug-19,6,37,0.1,6,44,0.92
22-Aug-19,7,43,0.1,6,46,1.02
23-Aug-19,7,53,0.1,2,39,0.82
24-Aug-19,7,42,0.1,5,44,0.94
25-Aug-19,7,37,0.1,7,47,1.11
26-Aug-19,7,16,0.4,31,81,2.55
27-Aug-19,7,24,0.3,22,68,1.79
28-Aug-19,7,22,1.0,18,74,1.67
29-Aug-19,7,32,0.0,18,65,1.50
30-Aug-19,7,28,0.4,20,71,1.72
31-Aug-19,7,32,0.2,8,59,1.17
1-Sep-19,8,19,0.0,22,71,1.45
2-Sep-19,8,18,0.0,32,78,2.09
3-Sep-19,5,17,0.0,41,80,2.85
4-Sep-19,4,24,0.6,25,83,2.10
5-Sep-19,4,45,0.2,10,52,1.12
6-Sep-19,4,32,0.4,22,70,1.72
7-Sep-19,4,48,0.1,5,46,0.74
8-Sep-19,4,30,0.4,22,68,1.16
9-Sep-19,5,28,0.6,38,72,1.67
10-Sep-19,5,22,0.7,44,78,2.08
11-Sep-19,5,17,0.6,40,79,1.91
12-Sep-19,4,21,0.5,29,71,1.55
13-Sep-19,4,26,0.4,22,62,1.31
14-Sep-19,4,54,0.3,4,52,0.66
15-Sep-19,4,59,0.2,3,41,0.54
16-Sep-19,5,25,0.8,42,78,1.66
17-Sep-19,8,2,1.7,119,112,0.00
18-Sep-19,9,2,1.7,118,107,0.00
19-Sep-19,8,3,1.6,97,107,0.00
20-Sep-19,6,17,0.6,35,65,0.00
21-Sep-19,5,42,0.2,6,39,0.00
22-Sep-19,5,24,0.5,21,65,0.00
23-Sep-19,9,3,1.5,104,93,0.00
24-Sep-19,9,2,2.0,135,68,0.00
25-Sep-19,8,6,1.2,86,71,0.00
26-Sep-19,9,2,1.7,112,83,0.00
27-Sep-19,8,12,1.1,82,63,0.00
28-Sep-19,7,14,2.9,43,70,0.00
29-Sep-19,9,4,3.3,85,96,0.00
30-Sep-19,11,2,2.3,143,103,0.00
1-Oct-19,11,2,2.0,131,95,7.62
2-Oct-19,10,2,2.2,123,83,7.74
3-Oct-19,10,2,1.8,120,72,6.18
4-Oct-19,9,4,1.2,77,59,4.29
5-Oct-19,10,4,1.2,74,77,3.55
6-Oct-19,11,13,0.9,51,69,2.46
7-Oct-19,8,32,0.3,7,32,0.83
8-Oct-19,8,16,0.8,45,47,2.45
9-Oct-19,8,12,1.4,73,63,4.28
10-Oct-19,10,2,2.2,147,79,7.64
11-Oct-19,12,2,2.2,146,79,8.10
12-Oct-19,8,15,1.0,53,59,2.87
13-Oct-19,8,18,0.9,44,59,2.29
14-Oct-19,10,2,2.3,147,100,7.77
15-Oct-19,12,1,2.7,205,91,6.43
16-Oct-19,13,1,2.7,153,116,0.00
17-Oct-19,12,2,2.2,129,90,0.00
18-Oct-19,12,2,2.1,128,87,0.00
19-Oct-19,12,2,1.9,108,83,0.00
20-Oct-19,12,2,1.7,94,77,0.00
21-Oct-19,11,11,1.5,84,70,0.00
22-Oct-19,12,27,0.9,27,62,0.00
23-Oct-19,10,18,1.1,52,67,3.40
24-Oct-19,11,12,1.5,87,80,4.07
25-Oct-19,13,6,2.3,154,92,7.36
26-Oct-19,12,18,1.1,59,68,3.15
27-Oct-19,12,15,1.3,56,74,3.31
28-Oct-19,13,7,1.4,63,92,3.68
29-Oct-19,13,2,2.3,139,92,7.22
30-Oct-19,15,2,2.8,169,97,9.92
31-Oct-19,13,2,2.1,129,73,6.07
1-Nov-19,11,18,0.7,19,46,1.56
2-Nov-19,11,15,1.1,37,55,2.33
3-Nov-19,13,7,1.6,98,73,4.31
4-Nov-19,12,10,1.3,72,51,3.70
5-Nov-19,14,1,2.5,162,71,8.20
6-Nov-19,14,2,2.2,133,71,6.59
7-Nov-19,13,6,1.5,83,60,4.76
8-Nov-19,13,4,2.0,112,69,6.18
9-Nov-19,14,3,2.1,131,73,6.71
10-Nov-19,12,9,1.2,59,62,2.67
11-Nov-19,14,2,2.2,135,71,6.85
12-Nov-19,13,16,1.1,40,53,3.22
13-Nov-19,9,9,0.8,68,50,2.68
14-Nov-19,8,2,1.7,152,78,7.13
15-Nov-19,10,1,2.8,239,80,12.38
16-Nov-19,9,2,1.9,176,77,9.05
17-Nov-19,7,11,0.7,71,60,3.41
18-Nov-19,7,2,1.7,152,76,7.82
19-Nov-19,6,11,1.0,89,64,5.33
20-Nov-19,6,18,0.7,55,70,3.87
21-Nov-19,6,20,0.3,31,60,1.98
22-Nov-19,8,3,1.9,176,77,7.65
23-Nov-19,7,4,1.4,127,74,6.35
24-Nov-19,6,28,0.2,24,36,1.69
25-Nov-19,8,13,1.4,116,69,5.53
26-Nov-19,9,8,1.4,124,60,6.33
27-Nov-19,9,1,2.3,193,80,9.05
28-Nov-19,10,1,2.4,218,83,10.60
29-Nov-19,8,4,1.3,122,81,5.52
30-Nov-19,8,3,1.3,121,81,5.41
1-Dec-19,7,18,0.4,41,58,2.05
2-Dec-19,8,8,1.4,116,74,5.43
3-Dec-19,11,1,2.6,215,85,10.60
4-Dec-19,7,11,0.6,56,46,3.52
5-Dec-19,6,19,0.5,36,53,1.99
6-Dec-19,8,8,1.6,133,68,6.50
7-Dec-19,11,2,2.6,214,70,10.64
8-Dec-19,9,4,1.7,143,69,7.15
9-Dec-19,11,2,2.5,205,83,9.99
10-Dec-19,9,8,0.5,57,57,2.84
11-Dec-19,9,5,1.2,118,68,4.84
12-Dec-19,10,12,1.4,108,55,5.50
13-Dec-19,13,1,2.7,234,77,10.77
14-Dec-19,11,8,1.3,114,58,5.47
15-Dec-19,10,2,1.9,154,66,7.43
16-Dec-19,12,1,3.2,254,74,13.27
17-Dec-19,13,1,4.0,328,88,18.20
18-Dec-19,14,1,3.4,303,78,17.44
19-Dec-19,11,1,2.6,228,81,12.36
20-Dec-19,10,2,1.4,141,79,7.00
21-Dec-19,14,1,2.1,213,88,10.37
22-Dec-19,10,10,0.3,49,68,2.17
23-Dec-19,13,3,0.0,164,86,6.58
24-Dec-19,12,2,0.0,121,71,5.09
25-Dec-19,12,8,0.0,66,63,2.68
26-Dec-19,10,14,0.0,39,54,1.72
27-Dec-19,11,6,0.0,88,63,3.61
28-Dec-19,11,11,0.0,59,61,2.27
29-Dec-19,10,17,0.0,31,38,1.49
30-Dec-19,11,5,0.9,85,35,2.71
31-Dec-19,12,5,0.3,120,56,5.07
1-Jan-20,14,7,0.0,146,55,8.43
2-Jan-20,11,25,0.0,22,47,1.32
3-Jan-20,13,14,0.0,77,69,3.16
4-Jan-20,19,2,0.0,299,99,13.36
5-Jan-20,15,5,0.0,129,65,7.42
6-Jan-20,11,27,0.0,18,32,1.21
7-Jan-20,12,12,0.0,67,60,2.71
8-Jan-20,11,13,0.0,47,67,2.28
9-Jan-20,13,10,2.3,123,79,4.61
10-Jan-20,20,2,3.0,245,95,11.12
11-Jan-20,21,2,2.7,245,89,12.63
12-Jan-20,17,5,1.6,144,72,7.14
13-Jan-20,14,4,1.2,131,69,5.33
14-Jan-20,18,2,2.1,211,81,8.99
15-Jan-20,14,5,0.9,114,64,5.00
16-Jan-20,13,4,1.0,100,80,4.22
17-Jan-20,10,19,0.3,33,60,1.82
18-Jan-20,10,13,0.4,52,57,2.16
19-Jan-20,11,13,0.3,45,58,2.13
20-Jan-20,12,17,0.3,33,52,1.73
21-Jan-20,16,15,0.7,64,60,3.08
22-Jan-20,25,2,2.7,246,103,9.64
23-Jan-20,21,13,2.2,203,78,10.30
24-Jan-20,20,8,1.5,131,87,5.26
25-Jan-20,20,2,2.0,173,90,8.19
26-Jan-20,20,1,2.3,203,81,9.77
27-Jan-20,18,1,1.5,156,75,6.29
28-Jan-20,20,2,1.7,176,92,6.34
29-Jan-20,18,2,1.5,159,97,5.88
30-Jan-20,17,11,0.8,70,75,2.91
31-Jan-20,17,9,1.4,139,88,4.79
1-Feb-20,23,3,1.8,175,96,6.33
2-Feb-20,20,2,2.0,198,83,8.49
3-Feb-20,18,2,1.5,157,82,5.78
4-Feb-20,19,2,1.7,161,87,6.45
5-Feb-20,19,6,0.7,75,68,3.18
6-Feb-20,17,12,0.5,54,54,2.19
7-Feb-20,17,15,0.8,72,72,2.89
8-Feb-20,16,15,0.6,51,65,2.29
9-Feb-20,19,6,1.2,96,83,4.45
10-Feb-20,19,4,1.6,138,90,6.26
11-Feb-20,18,4,1.6,145,94,6.11
12-Feb-20,19,6,1.6,154,81,6.75
13-Feb-20,16,17,0.5,51,60,2.30
14-Feb-20,18,7,1.2,115,75,5.07
15-Feb-20,16,18,0.3,31,56,1.77
16-Feb-20,14,37,0.3,19,48,1.29
17-Feb-20,16,23,0.8,70,69,3.11
18-Feb-20,20,3,2.0,160,98,7.69
19-Feb-20,19,4,1.8,151,100,7.14
20-Feb-20,17,5,1.2,104,88,4.41
21-Feb-20,16,12,0.7,62,69,2.63
22-Feb-20,16,17,0.6,49,64,2.33
23-Feb-20,16,21,0.7,62,63,2.38
24-Feb-20,23,3,2.4,210,98,9.03
25-Feb-20,17,12,1.2,89,87,4.99
26-Feb-20,19,3,1.4,126,99,5.25
27-Feb-20,17,16,0.6,50,76,2.52
28-Feb-20,18,11,1.1,98,90,3.57
29-Feb-20,16,27,0.5,32,65,1.71
1-Mar-20,19,9,1.1,90,89,3.60
2-Mar-20,20,8,1.1,94,87,4.01
3-Mar-20,16,21,0.7,55,67,3.74
4-Mar-20,18,29,0.7,57,61,2.32
5-Mar-20,20,10,1.0,84,82,3.36
6-Mar-20,18,5,1.3,126,92,4.57
7-Mar-20,17,16,0.7,58,76,2.69
8-Mar-20,15,29,0.2,20,53,1.18
9-Mar-20,17,8,0.8,97,82,2.98
10-Mar-20,18,6,1.3,109,97,4.16
11-Mar-20,18,9,1.4,121,82,5.10
12-Mar-20,17,15,1.1,80,78,4.13
13-Mar-20,18,18,1.4,112,77,5.39
14-Mar-20,19,6,1.5,130,90,5.64
15-Mar-20,17,35,0.4,31,42,1.79
16-Mar-20,14,45,0.2,10,34,0.83
17-Mar-20,15,44,0.3,15,41,1.09
18-Mar-20,18,32,0.8,60,55,2.60
19-Mar-20,15,46,0.3,10,47,1.03
20-Mar-20,18,23,0.9,59,72,2.91
21-Mar-20,19,20,0.9,43,92,2.88
22-Mar-20,16,32,0.5,17,65,1.77
23-Mar-20,10,20,0.4,28,56,1.60
24-Mar-20,3,21,0.2,28,43,1.22
25-Mar-20,2,48,0.1,3,13,0.55
26-Mar-20,2,32,0.1,8,22,0.72
27-Mar-20,3,22,0.3,32,38,1.23
28-Mar-20,3,23,0.3,27,48,1.35
29-Mar-20,7,22,0.3,20,49,1.50
30-Mar-20,5,31,0.6,48,45,2.21
31-Mar-20,3,53,0.2,8,44,0.98
1-Apr-20,3,37,0.3,19,52,1.20
2-Apr-20,4,39,0.3,18,52,1.10
3-Apr-20,3,45,0.2,11,35,0.89
4-Apr-20,3,50,0.1,4,22,0.73
5-Apr-20,3,36,0.1,11,33,0.82
6-Apr-20,2,47,0.2,14,47,0.98
7-Apr-20,2,49,0.2,15,43,0.75
8-Apr-20,2,64,0.2,6,37,0.60
9-Apr-20,3,55,0.3,14,48,0.88
10-Apr-20,3,37,0.6,35,69,1.64
11-Apr-20,5,25,0.7,42,81,2.37
12-Apr-20,3,63,0.3,6,41,1.17
13-Apr-20,3,30,0.6,42,81,1.90
14-Apr-20,8,41,0.6,50,72,2.22
15-Apr-20,3,51,0.2,13,45,0.93
16-Apr-20,2,46,0.2,8,33,0.69
17-Apr-20,6,27,0.4,25,63,1.28
18-Apr-20,6,24,0.4,26,61,1.60
19-Apr-20,6,34,0.2,12,41,1.29
20-Apr-20,5,33,0.1,11,37,0.77
21-Apr-20,2,53,0.1,5,23,0.57
22-Apr-20,2,60,0.1,4,22,0.51
23-Apr-20,2,54,0.3,12,40,0.77
24-Apr-20,2,38,0.5,21,64,1.16
25-Apr-20,5,23,0.6,34,72,1.86
26-Apr-20,4,40,0.3,11,55,1.17
27-Apr-20,5,27,0.6,46,74,1.91
28-Apr-20,5,17,0.7,52,82,2.08
29-Apr-20,4,22,0.6,40,80,1.84
30-Apr-20,4,18,0.5,38,64,1.54
1-May-20,5,29,0.2,12,49,0.93
2-May-20,6,22,0.4,25,63,1.27
3-May-20,4,38,0.1,7,32,0.61
4-May-20,3,27,0.6,32,61,1.68
5-May-20,3,25,0.7,36,78,2.00
6-May-20,5,14,0.8,58,87,2.59
7-May-20,3,45,0.3,10,45,0.98
8-May-20,3,27,0.6,33,73,1.93
9-May-20,4,14,0.9,47,97,2.54
10-May-20,5,13,0.8,35,90,2.64
11-May-20,4,11,0.9,58,83,2.96
12-May-20,4,12,0.9,61,89,3.44
13-May-20,6,4,1.4,102,104,5.36
14-May-20,5,3,1.4,100,112,5.35
15-May-20,6,3,2.1,148,122,9.56
16-May-20,7,2,2.2,140,133,10.17
17-May-20,5,7,1.4,73,119,5.81
18-May-20,5,7,1.3,81,133,5.56
19-May-20,5,6,1.2,72,120,4.60
20-May-20,6,4,1.1,82,94,3.96
21-May-20,6,12,0.8,53,79,2.64
22-May-20,3,46,0.2,7,32,0.71
23-May-20,5,28,0.7,38,69,1.83
24-May-20,2,23,0.7,29,78,2.02
25-May-20,2,34,0.5,22,60,1.64
26-May-20,2,29,0.5,34,52,1.52
27-May-20,2,18,0.9,65,73,2.91
28-May-20,3,20,1.1,83,80,3.44
29-May-20,5,17,1.3,96,84,4.09
30-May-20,4,26,1.0,64,82,3.38
31-May-20,5,27,0.8,49,79,2.38
1-Jun-20,6,23,1.0,80,84,3.25
2-Jun-20,5,24,1.1,70,82,3.15
3-Jun-20,5,29,1.0,71,77,3.16
4-Jun-20,7,16,1.4,92,89,4.29
5-Jun-20,3,28,0.9,62,76,2.78
6-Jun-20,3,42,0.6,39,61,1.89
7-Jun-20,4,33,0.6,42,69,2.02
8-Jun-20,5,22,0.8,64,85,2.66
9-Jun-20,4,13,1.3,100,87,4.41
10-Jun-20,7,14,1.1,94,87,3.80
11-Jun-20,5,25,1.0,67,80,2.78
12-Jun-20,6,33,0.9,66,81,2.64
13-Jun-20,7,29,0.8,58,83,2.50
14-Jun-20,6,38,0.6,40,77,1.85
15-Jun-20,9,22,1.1,92,97,3.67
16-Jun-20,9,26,1.0,70,89,2.97
17-Jun-20,7,24,1.0,76,87,3.21
18-Jun-20,6,25,1.0,76,83,3.22
19-Jun-20,7,22,1.0,83,90,3.30
20-Jun-20,8,20,0.9,73,96,3.02
21-Jun-20,8,35,0.8,50,81,2.63
22-Jun-20,5,33,0.8,58,79,2.93
23-Jun-20,7,21,1.1,79,87,3.47
24-Jun-20,5,19,1.1,78,87,3.73
25-Jun-20,2,42,0.6,44,58,2.28
26-Jun-20,3,45,0.6,35,60,1.98
27-Jun-20,3,61,0.4,23,50,1.31
28-Jun-20,3,56,0.3,20,46,1.06
29-Jun-20,5,30,1.0,66,93,3.23
30-Jun-20,6,32,1.1,76,103,3.89
1-Jul-20,5,55,0.7,40,66,2.53
2-Jul-20,4,61,0.6,39,64,2.23
3-Jul-20,4,36,0.9,66,87,3.31
4-Jul-20,4,29,0.8,58,84,2.33
5-Jul-20,4,44,0.5,29,59,0.00
6-Jul-20,5,30,0.9,56,85,0.00
7-Jul-20,5,28,0.9,56,86,0.00
8-Jul-20,3,53,0.3,19,43,0.00
9-Jul-20,2,54,0.4,23,47,0.00
10-Jul-20,3,49,0.5,31,55,0.00
11-Jul-20,3,43,0.5,29,59,0.00
12-Jul-20,3,42,0.4,26,52,0.00
13-Jul-20,4,51,0.4,26,50,0.00
14-Jul-20,2,61,0.3,13,35,0.00
15-Jul-20,3,44,0.7,46,69,0.00
16-Jul-20,4,17,1.2,85,101,0.00
17-Jul-20,5,34,0.8,45,87,0.00
18-Jul-20,5,39,0.7,46,78,0.00
19-Jul-20,4,28,0.7,42,84,0.00
20-Jul-20,4,22,1.0,78,97,0.00
21-Jul-20,3,44,0.5,31,58,0.00
22-Jul-20,3,46,0.5,31,69,0.00
23-Jul-20,4,56,0.5,28,68,0.00
24-Jul-20,4,43,0.7,39,78,0.00
25-Jul-20,4,39,0.6,44,77,0.00
26-Jul-20,4,24,0.7,46,85,0.00
27-Jul-20,3,35,0.6,38,72,0.00
28-Jul-20,3,41,0.6,39,69,0.00
29-Jul-20,3,59,0.4,17,61,0.00
30-Jul-20,3,51,0.5,27,70,0.00
31-Jul-20,4,38,0.7,55,88,0.00
1-Aug-20,6,27,1.1,75,114,0.00
2-Aug-20,3,64,0.2,9,39,0.00
3-Aug-20,3,62,0.3,19,50,0.00
4-Aug-20,4,17,1.1,76,105,0.00
5-Aug-20,5,15,1.1,73,111,0.00
6-Aug-20,4,23,0.7,51,88,0.00
7-Aug-20,3,19,0.7,51,76,0.00
8-Aug-20,4,15,0.7,50,67,0.00
9-Aug-20,4,36,0.4,24,60,0.00
10-Aug-20,4,43,0.4,26,59,0.00
11-Aug-20,4,30,0.6,46,68,0.00
12-Aug-20,4,38,0.6,50,65,0.00
13-Aug-20,3,46,0.4,28,56,0.00
14-Aug-20,3,59,0.3,18,46,0.00
15-Aug-20,5,58,0.3,16,53,0.00
16-Aug-20,4,63,0.2,8,31,0.00
17-Aug-20,3,56,0.2,10,31,0.00
18-Aug-20,5,29,0.6,48,78,0.00
19-Aug-20,4,14,0.8,55,87,0.00
20-Aug-20,4,27,0.5,38,68,0.00
21-Aug-20,4,33,0.5,32,66,0.00
22-Aug-20,3,53,0.4,20,57,0.00
23-Aug-20,4,57,0.3,16,52,0.00
24-Aug-20,3,48,0.5,27,64,0.00
25-Aug-20,4,37,0.7,45,76,0.00
26-Aug-20,3,41,0.6,39,70,0.00
27-Aug-20,4,22,0.8,57,97,0.00
28-Aug-20,4,30,0.7,53,75,0.00
29-Aug-20,5,14,1.0,75,114,0.00
30-Aug-20,5,19,0.8,48,97,0.00
31-Aug-20,6,34,0.8,67,79,0.00
1-Sep-20,8,7,1.6,129,129,0.00
2-Sep-20,6,7,1.1,85,109,0.00
3-Sep-20,5,7,1.3,94,118,0.00
4-Sep-20,5,19,0.7,51,84,0.00
5-Sep-20,3,49,0.2,12,39,0.00
6-Sep-20,4,49,0.3,16,49,0.00
7-Sep-20,5,26,1.0,65,92,0.00
8-Sep-20,5,27,0.9,67,85,0.00
9-Sep-20,4,42,0.4,21,63,0.00
10-Sep-20,4,46,0.3,16,55,0.00
11-Sep-20,4,17,0.6,30,68,0.00
12-Sep-20,4,2,0.7,41,72,0.00
13-Sep-20,3,10,0.5,18,53,0.00
14-Sep-20,4,9,0.6,28,67,0.00
15-Sep-20,4,13,0.5,22,56,0.00
16-Sep-20,4,12,0.5,24,55,0.00
17-Sep-20,4,1,1.0,60,75,0.00
18-Sep-20,4,8,0.3,13,38,0.00
19-Sep-20,3,17,0.2,9,25,0.00
20-Sep-20,4,14,0.4,17,35,0.00
21-Sep-20,4,1,0.9,56,63,3.49
22-Sep-20,4,1,1.4,87,81,4.62
23-Sep-20,5,1,1.6,108,97,6.42
24-Sep-20,5,1,1.5,105,83,5.68
25-Sep-20,7,3,1.5,102,91,5.61
26-Sep-20,6,10,1.0,54,67,3.92
27-Sep-20,6,21,0.7,34,65,0.00
28-Sep-20,5,7,1.2,67,66,5.83
29-Sep-20,5,5,1.3,84,84,4.60
30-Sep-20,6,15,1.2,77,77,2.40
1-Oct-20,6,8,1.4,93,90,5.45
2-Oct-20,6,4,1.8,120,98,6.94
3-Oct-20,5,4,1.5,90,83,5.22
4-Oct-20,5,4,1.3,75,74,4.73
5-Oct-20,5,1,1.8,115,77,7.73
6-Oct-20,6,2,2.0,115,104,8.48
7-Oct-20,6,1,2.0,137,96,8.31
8-Oct-20,6,6,1.2,85,75,4.34
9-Oct-20,6,8,1.2,85,76,4.03
10-Oct-20,5,5,1.3,81,87,4.70
11-Oct-20,5,6,0.9,63,78,4.37
12-Oct-20,6,6,0.9,83,71,4.39
13-Oct-20,6,11,0.9,82,68,3.65
14-Oct-20,7,7,0.5,107,87,5.48
15-Oct-20,7,4,0.0,121,86,5.58
16-Oct-20,6,7,0.0,86,73,4.91
17-Oct-20,7,2,0.0,114,73,6.05
18-Oct-20,6,13,0.0,57,65,3.39
19-Oct-20,5,17,0.4,48,55,2.56
20-Oct-20,4,27,0.0,24,46,1.75
21-Oct-20,4,18,0.0,37,48,3.29
22-Oct-20,5,0,0.0,0,0,4.36
23-Oct-20,7,0,0.0,174,114,8.38
24-Oct-20,8,0,0.0,184,97,0.00
25-Oct-20,7,0,0.0,103,76,0.00
26-Oct-20,7,0,0.0,137,87,7.80
27-Oct-20,8,0,0.0,143,91,7.84
28-Oct-20,6,0,0.5,27,41,9.11
29-Oct-20,6,0,1.2,81,59,5.52
30-Oct-20,7,2,2.2,151,75,8.73
31-Oct-20,6,7,1.5,105,71,3.89
1-Nov-20,6,12,1.1,70,53,0.00
2-Nov-20,7,1,2.6,185,84,13.20
3-Nov-20,8,1,2.8,222,80,12.47
4-Nov-20,6,7,1.0,73,46,3.42
5-Nov-20,5,17,0.7,33,44,2.27
6-Nov-20,5,15,0.5,22,40,1.49
7-Nov-20,4,25,0.3,10,30,0.86
8-Nov-20,5,22,0.3,15,28,0.37
9-Nov-20,5,19,0.4,29,34,1.45
10-Nov-20,5,27,0.2,7,24,0.37
11-Nov-20,5,19,0.3,13,25,0.00
12-Nov-20,5,8,0.8,60,46,0.00
13-Nov-20,6,3,1.3,94,63,0.00
14-Nov-20,6,10,0.7,42,46,0.00
15-Nov-20,5,21,0.6,22,40,0.00
16-Nov-20,7,2,1.7,120,72,0.00
17-Nov-20,6,10,1.0,66,54,1.18
18-Nov-20,5,12,0.7,44,48,2.47
19-Nov-20,6,20,0.4,18,37,0.97
20-Nov-20,6,16,0.7,38,47,1.70
21-Nov-20,5,27,0.4,11,32,0.84
22-Nov-20,5,24,0.3,9,23,0.58
23-Nov-20,6,10,1.0,69,51,3.88
24-Nov-20,7,14,0.9,65,46,3.13
25-Nov-20,6,24,0.5,22,41,1.35
26-Nov-20,6,17,0.9,51,53,2.29
27-Nov-20,8,7,1.7,130,73,8.39
28-Nov-20,9,2,1.8,105,75,6.33
29-Nov-20,7,14,0.7,24,39,2.67
30-Nov-20,7,8,1.0,59,47,3.29
1-Dec-20,7,15,0.5,16,30,1.65
2-Dec-20,6,20,0.5,21,31,1.55
3-Dec-20,6,26,0.5,16,38,1.47
4-Dec-20,7,12,1.0,62,49,3.49
5-Dec-20,7,3,1.2,70,56,4.26
6-Dec-20,7,21,0.5,15,29,1.86
7-Dec-20,8,11,1.0,78,63,2.62
8-Dec-20,9,4,2.0,157,72,9.33
9-Dec-20,7,11,0.8,52,54,3.34
10-Dec-20,8,15,0.8,67,49,2.35
11-Dec-20,8,6,1.2,85,63,4.04
12-Dec-20,9,6,1.4,102,58,0.21
13-Dec-20,8,13,0.4,15,30,0.00
14-Dec-20,8,6,0.7,63,41,2.98
15-Dec-20,7,5,1.2,85,51,3.61
16-Dec-20,6,10,0.7,40,44,2.43
17-Dec-20,7,8,1.4,98,52,2.69
18-Dec-20,7,3,1.3,92,44,3.62
19-Dec-20,6,12,0.6,22,38,1.84
20-Dec-20,7,15,0.5,14,32,1.35
21-Dec-20,6,17,0.5,21,34,1.37
22-Dec-20,6,11,0.8,52,46,2.64
23-Dec-20,9,1,2.3,184,62,6.45
24-Dec-20,10,1,2.3,183,61,6.44
25-Dec-20,8,3,1.2,75,49,1.25
26-Dec-20,8,9,1.0,56,43,0.00
27-Dec-20,7,17,0.2,9,21,0.00
28-Dec-20,9,5,1.3,114,69,4.91
29-Dec-20,8,8,0.9,66,64,2.81
30-Dec-20,8,12,0.9,69,61,2.75
31-Dec-20,8,9,0.9,61,54,1.27
1-Jan-21,9,6,1.2,72,59,0.00
2-Jan-21,8,12,0.9,38,46,0.00
3-Jan-21,7,10,0.6,36,38,0.00
4-Jan-21,8,18,0.5,26,37,0.83
5-Jan-21,10,6,1.7,134,70,7.07
6-Jan-21,9,3,1.4,75,56,0.00
7-Jan-21,9,1,2.2,153,75,9.75
8-Jan-21,9,3,1.1,74,58,4.18
9-Jan-21,9,5,1.5,104,44,0.71
10-Jan-21,9,1,1.4,88,45,0.00
11-Jan-21,9,4,0.8,54,53,3.60
12-Jan-21,9,9,0.7,49,41,2.92
13-Jan-21,11,5,1.2,80,65,3.71
14-Jan-21,10,6,1.1,72,69,3.54
15-Jan-21,9,18,0.6,19,42,1.53
16-Jan-21,10,15,0.7,33,41,2.29
17-Jan-21,11,25,0.7,19,42,1.63
18-Jan-21,10,22,0.7,20,43,1.59
19-Jan-21,7,6,1.5,92,73,4.35
20-Jan-21,6,4,2.5,194,89,8.87
21-Jan-21,5,3,3.2,252,90,13.88
22-Jan-21,4,1,2.3,167,73,8.57
23-Jan-21,2,15,0.7,40,63,0.00
24-Jan-21,3,11,0.8,48,56,0.00
25-Jan-21,4,10,1.2,91,66,3.60
26-Jan-21,3,7,0.8,58,61,1.25
27-Jan-21,4,11,0.9,54,55,1.45
28-Jan-21,5,11,1.3,76,66,2.50
29-Jan-21,6,1,2.8,222,89,7.96
30-Jan-21,6,2,2.0,139,72,6.96
31-Jan-21,4,7,1.2,58,47,0.00
1-Feb-21,3,7,1.0,91,54,3.94
2-Feb-21,4,2,1.7,132,71,5.76
3-Feb-21,5,1,2.2,176,78,6.25
4-Feb-21,4,1,1.7,135,77,4.72
5-Feb-21,4,1,2.3,188,80,9.84
6-Feb-21,4,1,1.9,136,74,0.00
7-Feb-21,4,3,1.2,73,63,0.00
8-Feb-21,4,11,0.7,51,52,2.76
9-Feb-21,4,5,1.1,89,72,4.64
10-Feb-21,4,3,1.4,105,81,4.36
11-Feb-21,4,7,0.9,55,62,2.56
12-Feb-21,5,7,1.2,84,73,3.26
13-Feb-21,3,26,0.5,12,34,0.00
14-Feb-21,4,26,0.6,17,36,0.00
15-Feb-21,4,26,0.6,24,47,1.34
16-Feb-21,4,26,0.6,13,40,1.00
17-Feb-21,6,18,1.5,96,70,3.85
18-Feb-21,8,2,2.5,182,86,6.14
19-Feb-21,7,4,2.3,155,85,6.67
20-Feb-21,6,4,1.6,84,73,3.89
21-Feb-21,3,31,0.5,8,33,1.02
22-Feb-21,4,9,1.5,94,76,3.49
23-Feb-21,7,1,2.8,209,90,8.20
24-Feb-21,5,26,1.7,108,70,4.81
25-Feb-21,2,38,0.6,16,49,1.18
26-Feb-21,2,29,0.9,38,57,1.72
27-Feb-21,5,3,1.6,91,90,3.96
28-Feb-21,3,33,0.7,20,36,1.88
1-Mar-21,3,20,0.9,44,62,1.75
2-Mar-21,2,30,0.6,22,45,1.06
3-Mar-21,3,26,0.8,30,62,1.42
4-Mar-21,8,5,3.1,122,97,7.67
5-Mar-21,6,1,1.9,126,94,4.74
6-Mar-21,5,14,0.8,33,63,1.51
7-Mar-21,3,35,0.5,5,25,0.74
8-Mar-21,4,9,1.1,66,70,2.27
9-Mar-21,4,23,0.7,29,55,1.31
10-Mar-21,7,8,1.4,82,88,2.94
11-Mar-21,4,18,0.8,34,57,1.44
12-Mar-21,4,16,1.1,60,74,2.16
13-Mar-21,6,3,1.5,83,82,3.37
14-Mar-21,5,5,1.1,48,70,2.53
15-Mar-21,5,22,1.0,22,52,1.41
16-Mar-21,4,24,0.8,33,59,1.14
17-Mar-21,6,16,1.0,51,69,1.56
18-Mar-21,5,17,1.0,55,72,1.57
19-Mar-21,5,10,1.2,73,78,2.31
20-Mar-21,4,9,1.0,49,59,2.03
21-Mar-21,4,21,0.6,16,32,1.17
22-Mar-21,5,10,1.0,57,70,2.01
23-Mar-21,4,29,0.7,25,46,1.17
24-Mar-21,4,30,0.8,28,54,1.19
25-Mar-21,3,46,0.6,9,37,0.72
26-Mar-21,6,14,1.3,67,82,2.14
27-Mar-21,4,10,1.3,54,90,2.53
28-Mar-21,4,12,1.2,35,82,2.21
29-Mar-21,4,10,1.5,87,87,3.53
30-Mar-21,3,47,0.6,12,46,0.81
31-Mar-21,3,37,0.7,17,50,0.85
1-Apr-21,4,28,1.0,46,66,1.61
2-Apr-21,7,3,2.0,124,97,4.56
3-Apr-21,4,12,1.1,44,76,2.05
4-Apr-21,4,20,0.7,24,54,1.30
5-Apr-21,4,14,0.8,40,47,1.59
6-Apr-21,5,15,1.0,46,61,1.87
7-Apr-21,5,20,1.1,49,75,1.94
8-Apr-21,4,24,0.9,37,66,1.51
9-Apr-21,3,29,0.9,28,63,1.27
10-Apr-21,3,32,0.9,25,64,1.29
11-Apr-21,4,15,1.1,35,81,2.01
12-Apr-21,4,5,1.5,82,102,2.96
13-Apr-21,6,7,1.5,96,96,3.31
14-Apr-21,5,3,1.5,90,97,3.10
15-Apr-21,5,12,1.3,67,88,2.41
16-Apr-21,3,44,0.6,14,45,0.94
17-Apr-21,3,48,0.6,11,43,1.01
18-Apr-21,4,12,1.1,43,73,2.24
19-Apr-21,5,10,1.3,73,89,2.89
20-Apr-21,4,26,1.0,45,89,1.75
21-Apr-21,5,22,1.2,55,96,2.10
22-Apr-21,5,15,1.4,75,102,2.75
23-Apr-21,4,22,1.4,74,99,2.82
24-Apr-21,3,43,0.5,12,36,0.77
25-Apr-21,3,40,0.6,12,48,0.95
26-Apr-21,4,15,1.3,58,97,2.50
27-Apr-21,6,14,1.2,64,94,2.57
28-Apr-21,5,11,1.3,74,90,2.85
29-Apr-21,5,3,1.7,102,103,4.38
30-Apr-21,6,4,1.5,76,100,3.76
1-May-21,8,4,1.7,84,115,4.54
2-May-21,6,8,2.4,59,109,6.97
3-May-21,6,1,1.5,70,84,3.86
4-May-21,4,22,0.7,17,49,0.00
5-May-21,6,4,1.3,76,86,3.12
6-May-21,6,8,1.3,71,90,2.74
7-May-21,6,2,1.6,94,88,3.69
8-May-21,7,23,0.8,33,60,1.68
9-May-21,3,57,0.4,3,22,0.36
10-May-21,3,55,0.6,11,39,0.64
11-May-21,4,39,0.8,20,58,0.97
12-May-21,6,11,1.5,83,100,3.20
13-May-21,7,6,1.3,75,82,2.79
14-May-21,6,7,1.2,60,81,2.14
15-May-21,6,3,1.3,72,84,2.76
16-May-21,6,12,0.8,30,67,1.38
17-May-21,6,6,1.4,71,89,3.26
18-May-21,6,5,1.2,69,78,2.42
19-May-21,6,2,1.5,85,94,2.81
20-May-21,6,5,1.3,51,81,2.56
21-May-21,5,15,1.0,36,74,1.71
22-May-21,5,5,1.3,55,90,2.52
23-May-21,6,9,1.2,45,100,2.30
24-May-21,7,1,1.7,101,104,5.11
25-May-21,8,6,0.9,57,79,2.57
26-May-21,8,1,1.4,83,107,3.78
27-May-21,9,0,1.3,76,108,3.33
28-May-21,9,6,1.1,63,92,2.83
29-May-21,7,6,0.9,36,81,2.02
30-May-21,8,0,0.9,36,80,2.26
31-May-21,9,12,1.0,54,85,2.55
1-Jun-21,8,23,0.8,44,70,1.96
2-Jun-21,7,28,0.7,45,60,1.73
3-Jun-21,9,10,1.2,73,100,3.20
4-Jun-21,7,35,0.6,22,61,1.57
5-Jun-21,7,34,0.7,30,67,1.67
6-Jun-21,9,12,0.9,41,88,2.36
7-Jun-21,10,7,1.3,87,104,3.57
8-Jun-21,8,21,1.0,59,79,2.66
9-Jun-21,7,28,0.6,34,59,1.74
10-Jun-21,9,12,1.1,64,80,3.08
11-Jun-21,9,6,1.5,93,84,4.90
12-Jun-21,8,13,1.2,73,72,0.00
13-Jun-21,8,14,1.0,57,81,0.00
14-Jun-21,8,26,0.8,51,63,2.32
15-Jun-21,8,15,0.9,60,69,2.39
16-Jun-21,9,9,1.4,90,85,4.08
17-Jun-21,10,3,3.3,116,97,8.60
18-Jun-21,10,3,1.6,102,102,4.26
19-Jun-21,9,6,1.3,76,99,3.85
20-Jun-21,9,16,1.0,40,92,2.76
21-Jun-21,9,7,1.1,54,93,2.10
22-Jun-21,9,6,1.5,94,102,5.28
23-Jun-21,10,3,1.7,105,117,5.60
24-Jun-21,9,4,1.6,98,115,5.39
25-Jun-21,9,2,1.6,105,113,5.53
26-Jun-21,10,11,1.4,89,100,5.04
27-Jun-21,8,24,0.8,37,73,2.19
28-Jun-21,7,38,0.5,22,58,1.48
29-Jun-21,8,14,1.1,56,108,3.61
30-Jun-21,9,9,1.2,61,115,3.73
1-Jul-21,10,4,1.6,114,124,5.67
2-Jul-21,11,27,0.9,64,96,2.78
3-Jul-21,9,40,0.7,32,75,1.94
4-Jul-21,8,32,0.7,32,84,1.93
5-Jul-21,9,18,1.1,60,96,3.20
6-Jul-21,9,33,1.0,55,84,3.05
7-Jul-21,9,43,0.7,39,65,2.44
8-Jul-21,7,55,0.3,7,40,0.89
9-Jul-21,7,45,0.4,16,54,1.35
10-Jul-21,8,76,0.3,7,43,0.80
11-Jul-21,8,62,0.4,11,52,0.97
12-Jul-21,9,46,0.6,30,66,1.75
13-Jul-21,5,45,0.6,30,64,2.14
14-Jul-21,2,63,0.4,20,59,1.44
15-Jul-21,2,67,0.3,12,53,1.13
16-Jul-21,3,23,1.0,66,106,3.71
17-Jul-21,3,15,0.7,49,109,3.03
18-Jul-21,3,19,0.7,32,92,2.35
19-Jul-21,3,13,0.7,47,87,2.87
20-Jul-21,3,8,1.1,58,80,3.16
21-Jul-21,2,17,1.1,54,86,3.01
22-Jul-21,2,50,0.4,9,45,1.03
23-Jul-21,2,42,0.5,13,53,1.42
24-Jul-21,2,43,0.5,11,56,1.40
25-Jul-21,2,64,0.3,4,38,0.81
26-Jul-21,2,73,0.3,5,43,0.87
27-Jul-21,2,86,0.3,3,38,0.70
28-Jul-21,2,80,0.4,3,44,0.84
29-Jul-21,3,41,0.8,39,83,3.02
30-Jul-21,5,8,1.6,100,124,5.96
31-Jul-21,5,8,1.6,98,117,6.00
1-Aug-21,4,41,1.1,54,79,3.84
2-Aug-21,5,11,1.4,72,125,4.96
3-Aug-21,5,20,1.4,113,102,6.21
4-Aug-21,6,4,2.2,101,136,11.12
5-Aug-21,6,3,1.8,116,116,8.10
6-Aug-21,5,12,1.2,76,84,4.56
7-Aug-21,3,41,0.7,15,51,2.15
8-Aug-21,3,36,0.8,24,68,2.42
9-Aug-21,3,18,1.2,48,105,3.64
10-Aug-21,5,10,1.3,61,114,4.63
11-Aug-21,6,7,1.3,79,103,4.52
12-Aug-21,4,55,0.3,6,41,1.17
13-Aug-21,4,70,0.2,3,37,0.74
14-Aug-21,4,72,0.2,3,28,0.58
15-Aug-21,4,78,0.2,3,31,0.48
16-Aug-21,4,56,0.4,16,54,1.12
17-Aug-21,6,28,0.8,36,103,2.46
18-Aug-21,5,13,1.0,52,106,3.49
19-Aug-21,4,54,0.3,11,46,1.16
20-Aug-21,4,85,0.2,3,27,0.50
21-Aug-21,4,76,0.3,4,36,0.73
22-Aug-21,4,57,0.3,6,45,1.06
23-Aug-21,5,53,0.3,10,49,1.04
24-Aug-21,4,43,0.5,26,63,1.65
25-Aug-21,6,16,1.1,61,106,3.60
26-Aug-21,6,8,1.3,81,104,4.22
27-Aug-21,6,7,1.1,71,90,4.70
28-Aug-21,6,15,1.0,49,92,0.00
29-Aug-21,6,20,0.7,29,76,0.00
30-Aug-21,7,12,1.2,71,99,4.41
31-Aug-21,6,12,1.2,61,101,4.18
1-Sep-21,6,20,1.1,56,96,3.61
2-Sep-21,5,49,0.4,9,46,1.31
3-Sep-21,5,52,0.4,12,45,1.36
4-Sep-21,4,52,0.3,9,41,1.21
5-Sep-21,5,62,0.3,7,37,0.92
6-Sep-21,4,41,0.4,12,51,1.46
7-Sep-21,4,50,0.3,10,40,1.16
8-Sep-21,4,32,0.7,37,49,2.44
9-Sep-21,5,12,1.0,54,70,3.38
10-Sep-21,5,23,0.9,51,72,2.69
11-Sep-21,5,25,0.9,40,73,2.67
12-Sep-21,7,64,0.6,14,57,1.50
13-Sep-21,7,22,1.0,46,96,3.01
14-Sep-21,7,31,0.9,46,92,2.81
15-Sep-21,6,28,1.2,65,101,4.04
16-Sep-21,8,9,1.6,95,118,5.31
17-Sep-21,8,4,1.8,113,113,4.23
18-Sep-21,7,7,1.3,83,90,0.00
19-Sep-21,8,6,1.3,84,83,0.00
20-Sep-21,7,2,1.7,136,85,5.67
21-Sep-21,7,14,1.1,72,79,3.72
22-Sep-21,6,35,0.5,16,50,1.71
23-Sep-21,5,46,0.4,12,38,0.87
24-Sep-21,9,19,1.4,85,91,3.65
25-Sep-21,8,6,2.0,115,116,6.25
26-Sep-21,8,33,1.5,65,80,3.68
27-Sep-21,10,13,1.9,115,114,6.80
28-Sep-21,7,47,0.6,18,60,1.46
29-Sep-21,5,50,0.3,9,35,0.75
30-Sep-21,4,43,0.6,21,50,1.27
1-Oct-21,4,48,0.4,12,39,0.90
2-Oct-21,4,41,0.6,22,52,1.40
3-Oct-21,5,48,0.5,17,41,1.11
4-Oct-21,5,32,0.8,43,63,1.97
5-Oct-21,7,39,0.8,40,56,1.84
6-Oct-21,5,54,0.4,10,39,0.72
7-Oct-21,5,37,0.6,29,54,1.51
8-Oct-21,6,14,1.0,51,67,2.83
9-Oct-21,6,12,1.1,67,70,3.43
10-Oct-21,5,10,0.9,55,61,2.84
11-Oct-21,6,8,1.5,101,63,3.57
12-Oct-21,8,2,1.9,143,77,5.79
13-Oct-21,8,15,1.5,101,71,4.76
14-Oct-21,5,16,0.8,44,51,2.42
15-Oct-21,4,27,0.7,49,52,2.14
16-Oct-21,6,7,1.6,103,82,4.60
17-Oct-21,4,12,1.0,59,54,2.85
18-Oct-21,3,23,0.7,36,47,1.81
19-Oct-21,3,26,0.8,40,50,2.17
20-Oct-21,4,18,1.1,65,65,3.56
21-Oct-21,8,5,2.0,126,91,6.80
22-Oct-21,8,3,2.3,159,96,7.74
23-Oct-21,8,4,1.9,129,82,6.60
24-Oct-21,6,21,1.2,82,43,4.73
25-Oct-21,5,46,0.4,12,36,0.50
26-Oct-21,5,39,0.5,25,40,1.39
27-Oct-21,6,27,0.8,51,54,2.04
28-Oct-21,5,52,0.4,10,32,0.66
29-Oct-21,5,46,0.5,18,43,0.74
30-Oct-21,6,26,1.0,58,62,0.00
31-Oct-21,6,35,0.7,30,47,0.00
1-Nov-21,8,6,1.8,116,91,5.80
2-Nov-21,7,9,1.5,87,71,5.03
3-Nov-21,8,3,2.4,164,84,8.35
4-Nov-21,8,2,2.3,167,80,8.18
5-Nov-21,8,2,2.1,155,77,7.15
6-Nov-21,8,2,2.7,173,97,9.49
7-Nov-21,8,5,1.9,128,69,6.96
8-Nov-21,8,3,1.8,129,77,6.02
9-Nov-21,7,12,0.9,55,57,2.82
10-Nov-21,5,36,0.3,11,31,0.76
11-Nov-21,5,30,0.7,37,53,1.49
12-Nov-21,7,9,1.5,107,80,4.05
13-Nov-21,9,6,1.9,120,84,5.64
14-Nov-21,7,13,1.2,58,64,3.21
15-Nov-21,6,37,0.5,15,43,1.17
16-Nov-21,6,44,0.4,14,39,0.87
17-Nov-21,5,35,0.4,14,38,0.85
18-Nov-21,7,12,1.5,98,72,4.14
19-Nov-21,6,17,0.8,42,48,1.88
20-Nov-21,7,8,1.4,88,70,3.48
21-Nov-21,8,12,1.7,105,66,4.97
22-Nov-21,8,8,1.8,115,68,5.80
23-Nov-21,8,8,2.2,156,67,7.57
24-Nov-21,6,14,0.7,39,44,1.70
25-Nov-21,6,28,0.7,32,45,0.95
26-Nov-21,8,9,2.3,158,61,9.70
27-Nov-21,9,9,1.8,127,67,6.11
28-Nov-21,8,21,0.9,52,58,2.21
29-Nov-21,9,11,1.2,93,75,3.29
30-Nov-21,9,18,1.2,86,70,2.72
1-Dec-21,10,6,1.7,128,81,4.14
2-Dec-21,10,2,2.9,227,91,9.51
3-Dec-21,9,14,1.8,128,68,5.99
4-Dec-21,8,11,1.2,80,62,3.39
5-Dec-21,9,2,2.3,148,72,6.77
6-Dec-21,9,17,1.6,105,68,4.70
7-Dec-21,9,17,1.3,91,73,3.17
8-Dec-21,13,4,1.9,142,71,5.32
9-Dec-21,9,15,1.5,100,72,4.10
10-Dec-21,8,21,1.3,100,76,2.20
11-Dec-21,7,42,0.5,17,47,0.00
12-Dec-21,8,6,1.6,101,83,0.00
13-Dec-21,9,2,1.8,125,72,4.96
14-Dec-21,8,6,1.4,102,53,3.44
15-Dec-21,6,15,0.8,37,46,1.75
16-Dec-21,7,12,1.4,93,64,3.30
17-Dec-21,10,2,2.0,147,80,5.17
18-Dec-21,8,20,0.7,34,46,1.20
19-Dec-21,8,17,1.1,62,56,2.15
20-Dec-21,12,3,2.4,161,77,6.23
21-Dec-21,8,16,1.0,52,55,2.00
22-Dec-21,8,13,1.1,61,62,2.21
23-Dec-21,8,17,1.3,66,63,2.58
24-Dec-21,11,2,2.6,196,81,7.46
25-Dec-21,10,2,3.7,168,80,10.04
26-Dec-21,10,1,2.3,155,67,7.14
27-Dec-21,8,4,1.6,117,67,4.17
28-Dec-21,8,14,0.6,29,49,1.10
29-Dec-21,10,4,2.1,178,66,5.96
30-Dec-21,9,5,1.4,88,56,4.04
31-Dec-21,7,16,1.0,48,48,1.93