DAY,PM25,PM10,SO2,NO,NO2
1-Jan-18,81,102,5,139,50
2-Jan-18,18,33,3,56,56
3-Jan-18,21,30,3,74,57
4-Jan-18,18,28,2,48,49
5-Jan-18,24,35,8,144,73
6-Jan-18,47,65,4,168,68
7-Jan-18,46,67,3,122,63
8-Jan-18,30,45,2,60,58
9-Jan-18,26,40,3,58,55
10-Jan-18,29,41,2,44,56
11-Jan-18,29,38,2,40,54
12-Jan-18,21,32,4,37,61
13-Jan-18,13,19,2,23,55
14-Jan-18,10,15,2,11,26
15-Jan-18,15,22,2,31,48
16-Jan-18,32,48,3,96,62
17-Jan-18,12,24,4,30,52
18-Jan-18,7,16,3,7,26
19-Jan-18,0,26,5,92,73
20-Jan-18,0,43,3,47,56
21-Jan-18,0,29,2,10,41
22-Jan-18,0,17,3,15,40
23-Jan-18,0,21,2,29,52
24-Jan-18,9,21,2,14,30
25-Jan-18,9,17,2,14,36
26-Jan-18,12,21,2,31,53
27-Jan-18,20,0,2,50,59
28-Jan-18,48,0,5,89,63
29-Jan-18,67,71,11,214,76
30-Jan-18,60,86,8,203,73
31-Jan-18,59,86,9,200,81
1-Feb-18,48,66,7,81,66
2-Feb-18,24,40,4,47,61
3-Feb-18,12,27,2,9,33
4-Feb-18,16,35,3,6,31
5-Feb-18,21,35,3,73,55
6-Feb-18,12,20,3,22,51
7-Feb-18,24,47,4,51,66
8-Feb-18,21,53,3,13,48
9-Feb-18,17,35,6,25,63
10-Feb-18,18,33,2,18,49
11-Feb-18,9,19,3,5,26
12-Feb-18,13,20,4,14,46
13-Feb-18,14,24,4,35,58
14-Feb-18,9,19,4,15,43
15-Feb-18,17,23,2,37,67
16-Feb-18,13,21,2,19,44
17-Feb-18,26,35,3,48,54
18-Feb-18,29,39,4,23,53
19-Feb-18,25,34,2,12,36
20-Feb-18,17,24,2,24,48
21-Feb-18,23,37,3,45,61
22-Feb-18,24,36,3,66,56
23-Feb-18,19,29,3,35,60
24-Feb-18,12,19,3,13,40
25-Feb-18,13,20,2,14,40
26-Feb-18,9,15,3,14,41
27-Feb-18,18,31,4,40,47
28-Feb-18,11,21,5,11,40
1-Mar-18,17,26,4,14,51
2-Mar-18,14,28,2,9,45
3-Mar-18,26,66,10,42,56
4-Mar-18,25,65,8,37,59
5-Mar-18,38,122,4,55,62
6-Mar-18,16,42,4,13,40
7-Mar-18,21,79,5,28,45
8-Mar-18,7,27,3,9,36
9-Mar-18,11,22,9,25,63
10-Mar-18,21,33,6,36,57
11-Mar-18,25,37,6,29,56
12-Mar-18,21,34,4,37,46
13-Mar-18,8,21,3,7,30
14-Mar-18,8,20,2,9,34
15-Mar-18,8,16,2,10,43
16-Mar-18,13,29,5,35,69
17-Mar-18,19,39,3,32,54
18-Mar-18,17,64,4,12,39
19-Mar-18,12,43,2,8,39
20-Mar-18,9,19,4,10,42
21-Mar-18,17,34,3,32,59
22-Mar-18,18,62,3,14,49
23-Mar-18,11,28,3,8,37
24-Mar-18,9,15,3,5,33
25-Mar-18,17,54,3,5,31
26-Mar-18,59,270,3,11,41
27-Mar-18,19,61,4,17,46
28-Mar-18,14,26,5,22,57
29-Mar-18,14,22,3,8,37
30-Mar-18,20,33,5,21,56
31-Mar-18,27,41,3,30,56
1-Apr-18,11,31,3,4,22
2-Apr-18,9,22,4,9,41
3-Apr-18,17,31,4,52,70
4-Apr-18,18,33,11,46,74
5-Apr-18,20,39,11,54,82
6-Apr-18,19,30,7,11,55
7-Apr-18,13,23,3,9,38
8-Apr-18,23,22,2,8,29
9-Apr-18,0,20,3,7,35
10-Apr-18,0,38,6,27,63
11-Apr-18,0,49,8,44,74
12-Apr-18,0,49,7,51,79
13-Apr-18,26,52,8,39,69
14-Apr-18,35,66,11,37,73
15-Apr-18,22,45,10,8,44
16-Apr-18,22,49,7,20,62
17-Apr-18,34,99,10,16,52
18-Apr-18,34,85,6,26,58
19-Apr-18,15,38,4,17,53
20-Apr-18,17,38,10,41,54
21-Apr-18,11,22,#DIV/0!,6,31
22-Apr-18,17,32,#DIV/0!,19,58
23-Apr-18,23,43,#DIV/0!,40,73
24-Apr-18,27,48,#DIV/0!,43,83
25-Apr-18,26,53,#DIV/0!,82,94
26-Apr-18,27,49,#DIV/0!,54,88
27-Apr-18,28,48,#DIV/0!,43,93
28-Apr-18,18,37,#DIV/0!,15,60
29-Apr-18,15,35,#DIV/0!,8,48
30-Apr-18,19,45,#DIV/0!,14,63
1-May-18,22,52,#DIV/0!,12,53
2-May-18,22,47,9,27,72
3-May-18,24,56,8,21,76
4-May-18,25,65,8,19,77
5-May-18,21,51,9,9,53
6-May-18,14,29,5,10,46
7-May-18,14,28,3,16,52
8-May-18,25,51,4,51,75
9-May-18,21,39,5,28,49
10-May-18,17,30,5,15,45
11-May-18,14,23,4,15,51
12-May-18,13,25,4,10,41
13-May-18,15,31,5,6,44
14-May-18,16,31,5,14,45
15-May-18,19,33,7,20,54
16-May-18,20,41,6,23,66
17-May-18,21,41,9,30,71
18-May-18,17,40,8,56,71
19-May-18,19,42,5,53,56
20-May-18,15,32,5,9,42
21-May-18,13,26,4,11,40
22-May-18,12,26,4,8,43
23-May-18,14,30,4,9,50
24-May-18,21,42,6,15,60
25-May-18,18,36,4,17,50
26-May-18,13,25,4,3,25
27-May-18,14,28,3,4,20
28-May-18,12,31,3,7,28
29-May-18,10,32,4,9,36
30-May-18,11,28,4,7,33
31-May-18,11,27,4,11,43
1-Jun-18,12,25,7,33,63
2-Jun-18,14,28,3,14,50
3-Jun-18,17,35,6,7,48
4-Jun-18,19,38,7,19,61
5-Jun-18,18,37,10,17,59
6-Jun-18,19,46,8,20,55
7-Jun-18,21,52,8,14,53
8-Jun-18,25,56,7,15,64
9-Jun-18,27,55,7,10,49
10-Jun-18,12,26,7,5,31
11-Jun-18,13,27,5,7,35
12-Jun-18,13,27,6,10,49
13-Jun-18,20,39,12,12,61
14-Jun-18,17,37,8,10,45
15-Jun-18,11,28,6,9,36
16-Jun-18,14,29,4,10,39
17-Jun-18,14,27,4,13,47
18-Jun-18,20,35,4,26,60
19-Jun-18,15,29,4,15,40
20-Jun-18,11,27,4,8,37
21-Jun-18,16,34,4,27,60
22-Jun-18,18,35,6,9,46
23-Jun-18,0,28,6,8,41
24-Jun-18,0,37,4,9,33
25-Jun-18,9,21,4,11,36
26-Jun-18,10,23,4,15,40
27-Jun-18,8,21,3,9,37
28-Jun-18,7,17,4,7,32
29-Jun-18,8,20,4,7,31
30-Jun-18,10,17,6,6,37
1-Jul-18,16,26,5,10,43
2-Jul-18,21,36,7,17,67
3-Jul-18,23,38,9,20,70
4-Jul-18,20,37,8,14,67
5-Jul-18,22,42,6,15,64
6-Jul-18,23,45,7,14,57
7-Jul-18,23,42,8,9,49
8-Jul-18,16,27,5,5,30
9-Jul-18,16,28,4,10,43
10-Jul-18,15,26,3,9,36
11-Jul-18,18,31,4,10,43
12-Jul-18,17,32,5,14,55
13-Jul-18,17,32,#DIV/0!,21,61
14-Jul-18,18,31,#DIV/0!,11,44
15-Jul-18,13,23,#DIV/0!,5,32
16-Jul-18,17,31,#DIV/0!,14,57
17-Jul-18,18,36,#DIV/0!,16,56
18-Jul-18,15,34,#DIV/0!,4,29
19-Jul-18,15,31,#DIV/0!,7,42
20-Jul-18,13,27,2,6,35
21-Jul-18,15,30,2,11,46
22-Jul-18,20,34,5,8,48
23-Jul-18,15,50,5,11,47
24-Jul-18,16,32,2,6,38
25-Jul-18,17,31,3,9,43
26-Jul-18,17,32,2,14,49
27-Jul-18,13,26,3,8,46
28-Jul-18,14,26,2,7,37
29-Jul-18,16,29,2,8,36
30-Jul-18,14,29,#DIV/0!,10,51
31-Jul-18,18,34,#DIV/0!,16,55
1-Aug-18,17,34,2,19,53
2-Aug-18,16,36,2,18,50
3-Aug-18,14,35,2,9,35
4-Aug-18,13,31,2,4,21
5-Aug-18,12,31,2,3,24
6-Aug-18,14,33,2,11,47
7-Aug-18,16,36,2,29,57
8-Aug-18,15,35,2,18,52
9-Aug-18,13,0,2,7,28
10-Aug-18,11,29,2,6,24
11-Aug-18,10,25,2,4,18
12-Aug-18,8,26,2,4,20
13-Aug-18,13,36,2,7,32
14-Aug-18,12,29,2,12,45
15-Aug-18,11,28,2,9,37
16-Aug-18,14,34,2,15,47
17-Aug-18,17,36,5,7,42
18-Aug-18,15,35,2,15,39
19-Aug-18,13,38,2,8,32
20-Aug-18,12,30,2,6,29
21-Aug-18,9,25,2,9,33
22-Aug-18,11,27,2,10,39
23-Aug-18,14,32,2,11,40
24-Aug-18,18,48,3,8,42
25-Aug-18,20,41,5,7,36
26-Aug-18,19,36,5,9,38
27-Aug-18,14,27,6,8,37
28-Aug-18,12,25,5,14,43
29-Aug-18,14,33,6,9,36
30-Aug-18,17,44,7,40,62
31-Aug-18,17,41,8,53,71
1-Sep-18,17,39,#DIV/0!,48,64
2-Sep-18,17,35,#DIV/0!,49,60
3-Sep-18,20,49,#DIV/0!,67,74
4-Sep-18,15,33,#DIV/0!,8,44
5-Sep-18,10,27,#DIV/0!,10,49
6-Sep-18,12,26,#DIV/0!,8,44
7-Sep-18,0,26,#DIV/0!,9,43
8-Sep-18,0,0,#DIV/0!,9,46
9-Sep-18,0,0,#DIV/0!,18,44
10-Sep-18,0,0,#DIV/0!,32,61
11-Sep-18,0,0,#DIV/0!,34,64
12-Sep-18,14,29,#DIV/0!,13,49
13-Sep-18,11,24,#DIV/0!,10,39
14-Sep-18,16,31,#DIV/0!,24,65
15-Sep-18,20,34,#DIV/0!,28,56
16-Sep-18,25,42,#DIV/0!,38,56
17-Sep-18,15,30,#DIV/0!,12,45
18-Sep-18,10,23,#DIV/0!,10,33
19-Sep-18,9,23,#DIV/0!,16,42
20-Sep-18,10,25,#DIV/0!,18,48
21-Sep-18,12,25,#DIV/0!,17,50
22-Sep-18,15,34,#DIV/0!,33,54
23-Sep-18,19,39,#DIV/0!,23,54
24-Sep-18,22,46,#DIV/0!,65,70
25-Sep-18,15,42,#DIV/0!,32,44
26-Sep-18,8,31,#DIV/0!,6,24
27-Sep-18,10,31,#DIV/0!,7,24
28-Sep-18,13,25,#DIV/0!,11,27
29-Sep-18,11,23,#DIV/0!,15,31
30-Sep-18,6,11,#DIV/0!,17,23
1-Oct-18,10,17,#DIV/0!,35,38
2-Oct-18,22,41,#DIV/0!,102,53
3-Oct-18,22,42,#DIV/0!,74,46
4-Oct-18,21,42,#DIV/0!,67,40
5-Oct-18,14,29,#DIV/0!,13,39
6-Oct-18,13,27,#DIV/0!,28,47
7-Oct-18,14,28,#DIV/0!,22,40
8-Oct-18,18,39,#DIV/0!,48,47
9-Oct-18,15,27,#DIV/0!,28,43
10-Oct-18,14,30,#DIV/0!,25,48
11-Oct-18,20,37,#DIV/0!,24,45
12-Oct-18,18,35,#DIV/0!,20,37
13-Oct-18,17,32,#DIV/0!,11,33
14-Oct-18,13,28,#DIV/0!,15,30
15-Oct-18,12,25,#DIV/0!,39,41
16-Oct-18,18,37,#DIV/0!,60,51
17-Oct-18,23,47,#DIV/0!,82,60
18-Oct-18,27,65,#DIV/0!,55,54
19-Oct-18,29,68,#DIV/0!,47,52
20-Oct-18,35,78,#DIV/0!,61,52
21-Oct-18,25,48,#DIV/0!,18,41
22-Oct-18,38,56,#DIV/0!,14,41
23-Oct-18,39,58,#DIV/0!,20,42
24-Oct-18,28,43,#DIV/0!,26,48
25-Oct-18,17,34,#DIV/0!,33,41
26-Oct-18,20,35,#DIV/0!,97,65
27-Oct-18,24,47,#DIV/0!,141,58
28-Oct-18,15,29,#DIV/0!,31,37
29-Oct-18,13,29,#DIV/0!,59,49
30-Oct-18,17,34,#DIV/0!,57,47
31-Oct-18,25,47,#DIV/0!,56,47
1-Nov-18,34,63,#DIV/0!,92,55
2-Nov-18,28,56,#DIV/0!,153,58
3-Nov-18,25,47,#DIV/0!,92,49
4-Nov-18,14,27,#DIV/0!,25,42
5-Nov-18,24,45,#DIV/0!,88,60
6-Nov-18,24,41,#DIV/0!,77,55
7-Nov-18,16,32,#DIV/0!,50,45
8-Nov-18,14,27,#DIV/0!,37,43
9-Nov-18,16,28,#DIV/0!,32,42
10-Nov-18,17,27,#DIV/0!,29,43
11-Nov-18,20,29,#DIV/0!,25,40
12-Nov-18,19,31,#DIV/0!,47,51
13-Nov-18,13,24,#DIV/0!,18,36
14-Nov-18,14,25,#DIV/0!,19,36
15-Nov-18,17,28,#DIV/0!,26,39
16-Nov-18,9,18,#DIV/0!,24,39
17-Nov-18,12,19,#DIV/0!,18,29
18-Nov-18,31,39,#DIV/0!,61,32
19-Nov-18,25,48,#DIV/0!,113,41
20-Nov-18,29,58,#DIV/0!,139,43
21-Nov-18,19,40,#DIV/0!,60,48
22-Nov-18,13,20,#DIV/0!,72,43
23-Nov-18,11,19,#DIV/0!,16,30
24-Nov-18,15,23,#DIV/0!,24,36
25-Nov-18,0,43,#DIV/0!,50,38
26-Nov-18,11,23,#DIV/0!,32,35
27-Nov-18,13,34,#DIV/0!,31,38
28-Nov-18,11,24,#DIV/0!,38,44
29-Nov-18,6,11,#DIV/0!,9,21
30-Nov-18,10,14,#DIV/0!,20,31
1-Dec-18,22,32,#DIV/0!,62,45
2-Dec-18,25,34,#DIV/0!,29,38
3-Dec-18,29,39,#DIV/0!,83,52
4-Dec-18,34,47,#DIV/0!,92,53
5-Dec-18,27,41,#DIV/0!,68,49
6-Dec-18,11,18,#DIV/0!,20,34
7-Dec-18,20,32,#DIV/0!,44,44
8-Dec-18,42,58,#DIV/0!,139,58
9-Dec-18,35,51,#DIV/0!,97,44
10-Dec-18,13,25,#DIV/0!,71,46
11-Dec-18,15,23,#DIV/0!,44,49
12-Dec-18,27,37,#DIV/0!,79,51
13-Dec-18,32,47,#DIV/0!,86,55
14-Dec-18,45,68,#DIV/0!,143,54
15-Dec-18,16,40,#DIV/0!,70,51
16-Dec-18,18,31,#DIV/0!,39,48
17-Dec-18,24,39,#DIV/0!,97,50
18-Dec-18,10,18,#DIV/0!,27,34
19-Dec-18,12,18,#DIV/0!,23,29
20-Dec-18,23,31,#DIV/0!,51,39
21-Dec-18,43,58,#DIV/0!,102,51
22-Dec-18,50,73,#DIV/0!,165,46
23-Dec-18,35,51,#DIV/0!,214,61
24-Dec-18,52,74,#DIV/0!,184,54
25-Dec-18,16,23,#DIV/0!,33,34
26-Dec-18,12,18,#DIV/0!,9,24
27-Dec-18,19,28,#DIV/0!,44,47
28-Dec-18,36,48,#DIV/0!,89,53
29-Dec-18,59,81,#DIV/0!,144,50
30-Dec-18,19,28,#DIV/0!,36,46
31-Dec-18,21,28,#DIV/0!,20,38
1-Jan-19,10,13,#DIV/0!,5,20
2-Jan-19,32,40,#DIV/0!,68,45
3-Jan-19,23,31,#DIV/0!,28,36
4-Jan-19,18,22,#DIV/0!,48,43
5-Jan-19,16,23,#DIV/0!,17,36
6-Jan-19,15,20,#DIV/0!,14,36
7-Jan-19,12,18,#DIV/0!,22,37
8-Jan-19,38,45,#DIV/0!,49,36
9-Jan-19,58,81,#DIV/0!,117,47
10-Jan-19,10,20,#DIV/0!,12,37
11-Jan-19,16,27,#DIV/0!,46,54
12-Jan-19,12,14,#DIV/0!,18,39
13-Jan-19,26,37,#DIV/0!,26,42
14-Jan-19,36,51,#DIV/0!,89,55
15-Jan-19,12,22,#DIV/0!,13,30
16-Jan-19,13,22,#DIV/0!,80,42
17-Jan-19,39,66,#DIV/0!,194,67
18-Jan-19,36,63,#DIV/0!,192,67
19-Jan-19,44,71,#DIV/0!,155,62
20-Jan-19,19,39,#DIV/0!,62,49
21-Jan-19,35,57,#DIV/0!,91,50
22-Jan-19,25,43,#DIV/0!,66,43
23-Jan-19,13,36,#DIV/0!,29,40
24-Jan-19,11,25,#DIV/0!,21,41
25-Jan-19,42,136,#DIV/0!,12,35
26-Jan-19,15,24,#DIV/0!,20,37
27-Jan-19,31,41,#DIV/0!,54,45
28-Jan-19,42,62,#DIV/0!,107,44
29-Jan-19,16,51,#DIV/0!,11,35
30-Jan-19,24,65,#DIV/0!,31,46
31-Jan-19,12,24,#DIV/0!,33,41
1-Feb-19,19,29,#DIV/0!,80,52
2-Feb-19,42,0,#DIV/0!,143,52
3-Feb-19,37,0,#DIV/0!,87,49
4-Feb-19,22,0,#DIV/0!,62,52
5-Feb-19,20,0,#DIV/0!,15,43
6-Feb-19,16,0,#DIV/0!,27,50
7-Feb-19,10,19,#DIV/0!,16,31
8-Feb-19,11,17,#DIV/0!,24,41
9-Feb-19,25,34,#DIV/0!,58,51
10-Feb-19,51,64,#DIV/0!,83,45
11-Feb-19,21,33,#DIV/0!,23,49
12-Feb-19,13,25,#DIV/0!,20,40
13-Feb-19,8,12,#DIV/0!,15,30
14-Feb-19,10,14,#DIV/0!,9,27
15-Feb-19,8,13,#DIV/0!,17,35
16-Feb-19,12,18,#DIV/0!,10,29
17-Feb-19,18,25,#DIV/0!,19,39
18-Feb-19,48,70,#DIV/0!,177,74
19-Feb-19,51,79,#DIV/0!,144,62
20-Feb-19,48,74,#DIV/0!,128,61
21-Feb-19,44,70,#DIV/0!,124,63
22-Feb-19,40,63,#DIV/0!,79,59
23-Feb-19,15,19,#DIV/0!,8,28
24-Feb-19,10,13,#DIV/0!,5,15
25-Feb-19,10,16,#DIV/0!,14,30
26-Feb-19,19,26,#DIV/0!,36,39
27-Feb-19,23,34,#DIV/0!,25,44
28-Feb-19,19,28,#DIV/0!,16,44
1-Mar-19,30,49,#DIV/0!,68,67
2-Mar-19,22,42,#DIV/0!,39,57
3-Mar-19,19,30,#DIV/0!,14,39
4-Mar-19,22,36,#DIV/0!,35,52
5-Mar-19,33,52,#DIV/0!,71,60
6-Mar-19,22,42,#DIV/0!,38,62
7-Mar-19,31,55,#DIV/0!,62,59
8-Mar-19,39,66,#DIV/0!,81,61
9-Mar-19,23,41,#DIV/0!,57,60
10-Mar-19,16,31,#DIV/0!,29,48
11-Mar-19,12,25,#DIV/0!,9,28
12-Mar-19,13,32,#DIV/0!,26,41
13-Mar-19,10,18,#DIV/0!,13,33
14-Mar-19,20,33,#DIV/0!,31,46
15-Mar-19,13,22,#DIV/0!,19,42
16-Mar-19,25,44,#DIV/0!,78,58
17-Mar-19,22,41,#DIV/0!,80,56
18-Mar-19,26,48,#DIV/0!,55,49
19-Mar-19,21,41,#DIV/0!,31,50
20-Mar-19,27,51,#DIV/0!,47,47
21-Mar-19,14,28,#DIV/0!,6,27
22-Mar-19,14,24,#DIV/0!,8,31
23-Mar-19,17,27,#DIV/0!,8,34
24-Mar-19,15,33,#DIV/0!,5,28
25-Mar-19,17,30,#DIV/0!,8,40
26-Mar-19,31,55,#DIV/0!,62,68
27-Mar-19,27,49,#DIV/0!,37,53
28-Mar-19,16,30,#DIV/0!,10,37
29-Mar-19,11,27,#DIV/0!,7,24
30-Mar-19,12,22,#DIV/0!,4,21
31-Mar-19,13,20,#DIV/0!,5,25
1-Apr-19,14,26,#DIV/0!,20,47
2-Apr-19,16,29,#DIV/0!,14,45
3-Apr-19,17,32,#DIV/0!,11,44
4-Apr-19,17,36,#DIV/0!,9,45
5-Apr-19,25,45,#DIV/0!,22,56
6-Apr-19,14,19,#DIV/0!,9,36
7-Apr-19,25,35,#DIV/0!,9,38
8-Apr-19,19,32,#DIV/0!,21,53
9-Apr-19,10,21,#DIV/0!,7,33
10-Apr-19,11,21,#DIV/0!,10,38
11-Apr-19,13,24,#DIV/0!,11,41
12-Apr-19,16,29,#DIV/0!,31,56
13-Apr-19,19,40,#DIV/0!,38,60
14-Apr-19,30,51,#DIV/0!,71,45
15-Apr-19,20,32,#DIV/0!,32,56
16-Apr-19,14,22,#DIV/0!,15,42
17-Apr-19,27,46,#DIV/0!,61,60
18-Apr-19,22,38,#DIV/0!,43,57
19-Apr-19,16,0,#DIV/0!,15,47
20-Apr-19,0,0,#DIV/0!,19,48
21-Apr-19,0,0,#DIV/0!,10,45
22-Apr-19,18,28,#DIV/0!,33,58
23-Apr-19,27,44,#DIV/0!,32,69
24-Apr-19,27,52,#DIV/0!,46,77
25-Apr-19,28,60,#DIV/0!,69,75
26-Apr-19,30,58,#DIV/0!,32,58
27-Apr-19,36,76,#DIV/0!,47,49
28-Apr-19,37,83,#DIV/0!,16,35
29-Apr-19,19,44,#DIV/0!,6,26
30-Apr-19,13,26,#DIV/0!,7,36
1-May-19,8,17,#DIV/0!,4,26
2-May-19,10,16,#DIV/0!,9,40
3-May-19,12,23,#DIV/0!,11,44
4-May-19,13,24,#DIV/0!,13,45
5-May-19,17,49,#DIV/0!,12,36
6-May-19,14,33,#DIV/0!,10,33
7-May-19,7,17,#DIV/0!,7,30
8-May-19,12,23,#DIV/0!,15,42
9-May-19,16,29,#DIV/0!,15,42
10-May-19,14,26,#DIV/0!,10,41
11-May-19,18,36,#DIV/0!,18,38
12-May-19,19,34,#DIV/0!,23,37
13-May-19,15,27,#DIV/0!,21,53
14-May-19,18,39,#DIV/0!,26,50
15-May-19,17,36,#DIV/0!,19,45
16-May-19,16,28,#DIV/0!,20,42
17-May-19,21,37,#DIV/0!,27,56
18-May-19,23,40,#DIV/0!,32,45
19-May-19,16,27,#DIV/0!,15,43
20-May-19,19,46,#DIV/0!,19,57
21-May-19,22,49,#DIV/0!,26,49
22-May-19,16,35,#DIV/0!,50,69
23-May-19,14,28,#DIV/0!,19,52
24-May-19,11,20,#DIV/0!,8,40
25-May-19,14,23,#DIV/0!,8,37
26-May-19,15,26,#DIV/0!,12,47
27-May-19,19,36,#DIV/0!,39,70
28-May-19,23,42,#DIV/0!,43,54
29-May-19,12,24,#DIV/0!,11,38
30-May-19,14,28,#DIV/0!,20,47
31-May-19,15,30,#DIV/0!,37,58
1-Jun-19,14,25,#DIV/0!,19,38
2-Jun-19,14,25,#DIV/0!,7,30
3-Jun-19,12,19,#DIV/0!,9,36
4-Jun-19,12,21,#DIV/0!,9,36
5-Jun-19,16,26,#DIV/0!,12,39
6-Jun-19,20,45,#DIV/0!,16,45
7-Jun-19,22,49,#DIV/0!,25,53
8-Jun-19,20,44,#DIV/0!,32,51
9-Jun-19,21,45,#DIV/0!,42,45
10-Jun-19,14,29,#DIV/0!,7,28
11-Jun-19,16,29,#DIV/0!,12,40
12-Jun-19,20,37,#DIV/0!,24,52
13-Jun-19,21,38,#DIV/0!,19,53
14-Jun-19,23,47,#DIV/0!,39,67
15-Jun-19,15,32,#DIV/0!,9,34
16-Jun-19,15,31,#DIV/0!,4,25
17-Jun-19,16,29,#DIV/0!,7,41
18-Jun-19,18,35,#DIV/0!,22,57
19-Jun-19,22,40,#DIV/0!,21,60
20-Jun-19,24,42,#DIV/0!,16,52
21-Jun-19,23,44,#DIV/0!,25,57
22-Jun-19,20,37,#DIV/0!,22,49
23-Jun-19,17,33,#DIV/0!,16,46
24-Jun-19,19,41,#DIV/0!,16,59
25-Jun-19,18,38,#DIV/0!,9,36
26-Jun-19,16,32,#DIV/0!,6,25
27-Jun-19,15,32,#DIV/0!,7,30
28-Jun-19,16,31,#DIV/0!,14,46
29-Jun-19,13,28,#DIV/0!,5,24
30-Jun-19,8,21,#DIV/0!,4,18
1-Jul-19,11,23,#DIV/0!,7,27
2-Jul-19,11,24,#DIV/0!,13,46
3-Jul-19,15,31,6,17,59
4-Jul-19,17,37,5,21,59
5-Jul-19,24,44,3,8,54
6-Jul-19,20,37,4,10,52
7-Jul-19,19,31,5,9,44
8-Jul-19,20,40,8,14,58
9-Jul-19,23,43,6,19,63
10-Jul-19,21,44,6,12,55
11-Jul-19,12,27,3,8,34
12-Jul-19,12,21,3,9,39
13-Jul-19,13,26,4,5,32
14-Jul-19,11,25,3,6,26
15-Jul-19,12,22,2,10,39
16-Jul-19,14,25,4,11,39
17-Jul-19,13,22,2,8,31
18-Jul-19,16,23,2,20,50
19-Jul-19,15,26,3,21,51
20-Jul-19,12,22,2,8,37
21-Jul-19,10,22,2,12,38
22-Jul-19,13,24,2,8,40
23-Jul-19,14,26,2,11,45
24-Jul-19,16,30,2,11,47
25-Jul-19,11,22,2,9,35
26-Jul-19,11,24,2,16,44
27-Jul-19,15,32,3,27,53
28-Jul-19,19,35,6,10,46
29-Jul-19,14,33,6,12,42
30-Jul-19,13,29,7,14,46
31-Jul-19,17,32,4,15,51
1-Aug-19,17,34,3,22,54
2-Aug-19,20,37,3,16,56
3-Aug-19,19,36,5,9,46
4-Aug-19,14,31,4,5,31
5-Aug-19,12,22,2,7,34
6-Aug-19,11,22,2,7,35
7-Aug-19,11,22,2,10,44
8-Aug-19,14,28,2,20,57
9-Aug-19,15,34,3,30,53
10-Aug-19,12,35,2,4,26
11-Aug-19,11,20,2,3,21
12-Aug-19,10,23,2,6,31
13-Aug-19,30,47,2,7,37
14-Aug-19,20,36,2,8,38
15-Aug-19,18,33,3,5,30
16-Aug-19,18,37,3,7,39
17-Aug-19,14,27,2,4,24
18-Aug-19,10,20,2,3,21
19-Aug-19,11,25,2,5,29
20-Aug-19,8,20,2,5,28
21-Aug-19,9,24,2,7,31
22-Aug-19,14,34,2,5,31
23-Aug-19,12,38,2,4,27
24-Aug-19,13,36,2,4,27
25-Aug-19,14,35,2,4,26
26-Aug-19,14,37,3,9,40
27-Aug-19,12,30,2,8,35
28-Aug-19,10,26,2,8,33
29-Aug-19,9,25,2,12,43
30-Aug-19,11,30,2,8,38
31-Aug-19,11,31,2,5,27
1-Sep-19,8,25,2,7,29
2-Sep-19,10,28,2,21,52
3-Sep-19,13,30,2,60,66
4-Sep-19,14,33,2,20,54
5-Sep-19,17,36,2,9,41
6-Sep-19,15,32,2,7,37
7-Sep-19,11,24,2,6,36
8-Sep-19,13,30,2,19,52
9-Sep-19,12,30,2,18,55
10-Sep-19,13,31,2,23,56
11-Sep-19,11,26,2,10,41
12-Sep-19,0,0,2,18,45
13-Sep-19,14,38,2,6,27
14-Sep-19,13,43,2,4,28
15-Sep-19,13,35,2,3,24
16-Sep-19,15,31,2,14,48
17-Sep-19,24,46,4,47,63
18-Sep-19,25,47,3,51,61
19-Sep-19,25,46,2,36,56
20-Sep-19,21,43,2,18,46
21-Sep-19,11,25,2,7,28
22-Sep-19,12,27,2,8,33
23-Sep-19,19,39,3,45,50
24-Sep-19,22,45,2,38,47
25-Sep-19,15,31,2,26,45
26-Sep-19,22,37,2,42,43
27-Sep-19,19,38,2,50,51
28-Sep-19,16,29,2,24,49
29-Sep-19,23,38,2,35,47
30-Sep-19,24,42,4,62,61
1-Oct-19,22,45,3,70,57
2-Oct-19,25,42,2,56,51
3-Oct-19,17,38,2,30,45
4-Oct-19,16,45,2,30,40
5-Oct-19,10,22,2,10,32
6-Oct-19,9,20,3,14,40
7-Oct-19,11,20,2,17,40
8-Oct-19,10,19,2,13,28
9-Oct-19,11,20,2,19,37
10-Oct-19,18,36,2,59,48
11-Oct-19,26,54,2,75,61
12-Oct-19,14,31,2,36,43
13-Oct-19,17,31,2,45,48
14-Oct-19,23,46,2,91,63
15-Oct-19,27,55,4,92,68
16-Oct-19,30,56,3,70,60
17-Oct-19,31,53,2,43,54
18-Oct-19,38,60,2,47,46
19-Oct-19,37,58,2,39,43
20-Oct-19,39,58,3,27,41
21-Oct-19,30,52,2,94,57
22-Oct-19,24,43,2,17,42
23-Oct-19,18,34,2,18,39
24-Oct-19,16,34,2,75,58
25-Oct-19,22,52,3,151,70
26-Oct-19,19,39,4,78,54
27-Oct-19,21,41,4,75,56
28-Oct-19,23,41,4,22,43
29-Oct-19,32,54,3,52,51
30-Oct-19,39,63,4,85,55
31-Oct-19,35,54,2,56,49
1-Nov-19,15,32,2,19,32
2-Nov-19,12,23,2,18,35
3-Nov-19,15,30,2,54,41
4-Nov-19,11,26,2,24,32
5-Nov-19,18,47,3,83,40
6-Nov-19,19,50,3,86,43
7-Nov-19,18,54,2,51,37
8-Nov-19,14,35,3,52,42
9-Nov-19,17,38,3,89,41
10-Nov-19,10,26,2,19,31
11-Nov-19,20,46,3,93,41
12-Nov-19,28,59,3,70,51
13-Nov-19,20,33,2,55,47
14-Nov-19,23,50,4,93,47
15-Nov-19,28,60,5,183,28
16-Nov-19,30,57,5,138,29
17-Nov-19,29,49,3,74,22
18-Nov-19,29,51,3,91,23
19-Nov-19,24,48,2,83,23
20-Nov-19,25,55,3,79,33
21-Nov-19,15,35,2,29,29
22-Nov-19,17,34,3,89,27
23-Nov-19,22,0,3,102,27
24-Nov-19,0,0,2,34,24
25-Nov-19,0,0,3,54,32
26-Nov-19,0,32,4,93,29
27-Nov-19,0,44,4,117,35
28-Nov-19,0,51,4,116,36
29-Nov-19,0,26,2,15,34
30-Nov-19,0,28,3,17,37
1-Dec-19,0,23,2,29,30
2-Dec-19,0,30,2,43,37
3-Dec-19,0,61,3,143,41
4-Dec-19,0,36,2,57,29
5-Dec-19,0,20,2,18,31
6-Dec-19,0,36,2,76,37
7-Dec-19,0,62,3,133,33
8-Dec-19,0,51,3,143,31
9-Dec-19,0,51,3,118,39
10-Dec-19,0,33,3,68,35
11-Dec-19,14,35,3,90,37
12-Dec-19,19,31,3,86,34
13-Dec-19,29,54,4,131,43
14-Dec-19,22,40,3,77,35
15-Dec-19,30,54,3,168,29
16-Dec-19,44,78,3,200,39
17-Dec-19,47,82,4,244,45
18-Dec-19,47,82,4,223,40
19-Dec-19,38,71,3,145,46
20-Dec-19,21,47,2,82,39
21-Dec-19,41,98,5,109,43
22-Dec-19,23,69,2,10,27
23-Dec-19,13,27,3,40,44
24-Dec-19,9,20,2,48,31
25-Dec-19,13,16,2,14,28
26-Dec-19,0,13,2,14,26
27-Dec-19,16,25,2,46,36
28-Dec-19,10,18,2,17,30
29-Dec-19,7,12,2,9,23
30-Dec-19,7,10,2,22,22
31-Dec-19,16,20,2,33,30
1-Jan-20,57,79,2,131,37
2-Jan-20,9,18,2,7,25
3-Jan-20,14,21,2,35,39
4-Jan-20,42,75,5,301,69
5-Jan-20,39,63,3,126,41
6-Jan-20,8,11,2,6,22
7-Jan-20,12,16,2,15,32
8-Jan-20,11,21,2,15,36
9-Jan-20,17,29,2,63,48
10-Jan-20,45,69,4,194,65
11-Jan-20,65,94,3,226,54
12-Jan-20,54,74,2,92,46
13-Jan-20,23,42,2,100,44
14-Jan-20,34,58,3,143,47
15-Jan-20,58,46,2,69,45
16-Jan-20,18,35,2,51,49
17-Jan-20,11,24,2,16,38
18-Jan-20,10,18,2,18,33
19-Jan-20,13,20,2,15,31
20-Jan-20,14,25,2,19,35
21-Jan-20,22,33,2,27,36
22-Jan-20,43,70,4,208,69
23-Jan-20,49,83,3,198,57
24-Jan-20,25,42,3,59,48
25-Jan-20,56,82,2,157,51
26-Jan-20,59,90,3,149,48
27-Jan-20,34,64,2,96,44
28-Jan-20,19,45,3,122,46
29-Jan-20,13,34,2,38,48
30-Jan-20,10,24,2,22,37
31-Jan-20,13,28,2,51,45
1-Feb-20,26,49,4,132,54
2-Feb-20,42,68,3,107,44
3-Feb-20,23,44,2,71,42
4-Feb-20,22,43,3,109,48
5-Feb-20,12,22,4,22,36
6-Feb-20,8,15,3,19,32
7-Feb-20,11,15,3,12,35
8-Feb-20,15,25,2,15,37
9-Feb-20,33,43,5,49,46
10-Feb-20,35,60,7,107,47
11-Feb-20,17,39,6,42,45
12-Feb-20,26,55,9,122,47
13-Feb-20,16,32,#DIV/0!,48,45
14-Feb-20,22,39,#DIV/0!,67,50
15-Feb-20,13,24,#DIV/0!,30,39
16-Feb-20,12,22,#DIV/0!,9,33
17-Feb-20,16,26,#DIV/0!,38,49
18-Feb-20,28,42,#DIV/0!,111,62
19-Feb-20,36,56,#DIV/0!,97,60
20-Feb-20,21,31,#DIV/0!,28,54
21-Feb-20,4,15,#DIV/0!,24,41
22-Feb-20,0,24,#DIV/0!,32,46
23-Feb-20,0,23,#DIV/0!,28,40
24-Feb-20,0,60,#DIV/0!,156,64
25-Feb-20,0,45,#DIV/0!,53,57
26-Feb-20,16,41,#DIV/0!,44,58
27-Feb-20,10,32,#DIV/0!,8,34
28-Feb-20,7,20,#DIV/0!,21,49
29-Feb-20,7,15,#DIV/0!,11,35
1-Mar-20,22,34,#DIV/0!,43,49
2-Mar-20,20,37,#DIV/0!,58,48
3-Mar-20,19,45,#DIV/0!,55,48
4-Mar-20,11,33,#DIV/0!,15,45
5-Mar-20,11,24,#DIV/0!,42,50
6-Mar-20,17,33,#DIV/0!,63,50
7-Mar-20,13,32,#DIV/0!,34,43
8-Mar-20,20,91,#DIV/0!,10,34
9-Mar-20,9,19,#DIV/0!,23,48
10-Mar-20,11,21,#DIV/0!,18,48
11-Mar-20,25,41,#DIV/0!,84,56
12-Mar-20,22,37,#DIV/0!,69,50
13-Mar-20,15,29,#DIV/0!,117,52
14-Mar-20,21,40,#DIV/0!,101,53
15-Mar-20,20,34,#DIV/0!,34,35
16-Mar-20,8,18,#DIV/0!,4,25
17-Mar-20,9,17,#DIV/0!,15,34
18-Mar-20,20,33,#DIV/0!,62,46
19-Mar-20,11,17,#DIV/0!,8,33
20-Mar-20,23,36,#DIV/0!,59,50
21-Mar-20,29,44,#DIV/0!,42,48
22-Mar-20,29,42,#DIV/0!,21,35
23-Mar-20,23,34,#DIV/0!,28,37
24-Mar-20,7,13,#DIV/0!,17,29
25-Mar-20,8,15,#DIV/0!,5,18
26-Mar-20,11,16,#DIV/0!,8,25
27-Mar-20,8,13,#DIV/0!,14,30
28-Mar-20,10,20,#DIV/0!,19,26
29-Mar-20,20,34,#DIV/0!,16,29
30-Mar-20,25,43,#DIV/0!,50,39
31-Mar-20,20,46,#DIV/0!,11,36
1-Apr-20,21,43,#DIV/0!,10,32
2-Apr-20,8,16,#DIV/0!,6,29
3-Apr-20,9,16,2,9,32
4-Apr-20,10,14,3,5,24
5-Apr-20,4,9,3,6,20
6-Apr-20,6,11,2,5,27
7-Apr-20,8,16,2,4,24
8-Apr-20,9,24,2,2,24
9-Apr-20,10,20,2,8,34
10-Apr-20,14,30,3,44,48
11-Apr-20,20,36,5,51,49
12-Apr-20,20,39,3,19,36
13-Apr-20,19,38,3,22,46
14-Apr-20,22,44,6,43,45
15-Apr-20,12,28,3,18,34
16-Apr-20,6,12,2,4,26
17-Apr-20,12,21,5,13,33
18-Apr-20,20,0,4,19,36
19-Apr-20,25,0,5,13,26
20-Apr-20,16,0,4,13,23
21-Apr-20,15,34,3,11,22
22-Apr-20,11,23,2,3,20
23-Apr-20,11,20,3,4,23
24-Apr-20,10,20,4,5,28
25-Apr-20,14,25,9,21,42
26-Apr-20,15,28,7,9,35
27-Apr-20,15,30,7,23,43
28-Apr-20,19,33,7,20,45
29-Apr-20,15,29,7,15,42
30-Apr-20,9,20,5,7,31
1-May-20,11,21,7,6,25
2-May-20,7,20,7,6,29
3-May-20,7,13,5,4,19
4-May-20,8,17,4,8,31
5-May-20,9,19,4,8,35
6-May-20,9,23,6,15,47
7-May-20,12,22,5,8,38
8-May-20,9,19,4,12,43
9-May-20,13,28,5,12,42
10-May-20,19,33,9,14,46
11-May-20,13,28,4,10,42
12-May-20,13,36,6,13,44
13-May-20,19,48,10,61,63
14-May-20,20,48,9,48,68
15-May-20,26,64,18,113,73
16-May-20,28,71,19,108,65
17-May-20,28,69,12,51,51
18-May-20,34,86,11,31,69
19-May-20,27,67,11,17,56
20-May-20,25,66,8,23,47
21-May-20,13,33,8,8,32
22-May-20,8,19,4,8,30
23-May-20,10,19,8,12,35
24-May-20,10,19,4,8,33
25-May-20,13,25,4,11,39
26-May-20,10,20,4,15,34
27-May-20,10,16,4,14,35
28-May-20,10,21,4,26,45
29-May-20,13,28,7,49,47
30-May-20,13,23,7,27,38
31-May-20,14,22,7,17,35
1-Jun-20,13,24,6,22,45
2-Jun-20,13,25,7,22,41
3-Jun-20,12,24,6,18,38
4-Jun-20,15,32,9,35,36
5-Jun-20,11,22,6,21,37
6-Jun-20,14,39,5,10,29
7-Jun-20,11,24,5,8,23
8-Jun-20,10,23,6,15,32
9-Jun-20,12,29,6,27,37
10-Jun-20,11,29,8,22,39
11-Jun-20,10,23,7,12,33
12-Jun-20,8,19,9,11,38
13-Jun-20,9,19,9,8,31
14-Jun-20,9,21,6,7,31
15-Jun-20,12,29,10,17,44
16-Jun-20,11,24,8,11,38
17-Jun-20,8,20,8,9,35
18-Jun-20,8,21,7,9,37
19-Jun-20,9,22,8,9,39
20-Jun-20,11,25,11,10,41
21-Jun-20,14,30,11,11,37
22-Jun-20,12,26,7,10,35
23-Jun-20,13,25,8,17,33
24-Jun-20,13,26,6,16,38
25-Jun-20,10,23,6,15,37
26-Jun-20,14,24,5,9,35
27-Jun-20,11,24,5,5,28
28-Jun-20,8,18,5,6,28
29-Jun-20,12,27,7,26,49
30-Jun-20,19,36,9,24,61
1-Jul-20,20,0,10,28,58
2-Jul-20,14,0,7,8,43
3-Jul-20,16,34,8,12,52
4-Jul-20,17,33,7,13,48
5-Jul-20,17,33,6,7,33
6-Jul-20,15,28,7,5,33
7-Jul-20,18,36,7,9,45
8-Jul-20,15,35,6,6,36
9-Jul-20,10,23,5,6,31
10-Jul-20,8,23,5,7,34
11-Jul-20,8,20,5,8,35
12-Jul-20,11,22,6,6,28
13-Jul-20,15,34,6,7,36
14-Jul-20,9,24,5,5,31
15-Jul-20,10,24,5,9,40
16-Jul-20,13,31,7,15,43
17-Jul-20,15,30,7,9,46
18-Jul-20,17,35,7,10,41
19-Jul-20,0,31,6,7,34
20-Jul-20,0,35,6,14,48
21-Jul-20,14,31,7,13,43
22-Jul-20,12,25,6,5,37
23-Jul-20,13,28,6,5,40
24-Jul-20,11,23,6,6,42
25-Jul-20,12,27,6,6,43
26-Jul-20,15,34,6,8,41
27-Jul-20,15,32,7,9,49
28-Jul-20,14,30,7,13,48
29-Jul-20,12,31,6,5,43
30-Jul-20,13,29,6,11,51
31-Jul-20,16,34,8,20,60
1-Aug-20,23,48,13,38,64
2-Aug-20,12,25,6,3,29
3-Aug-20,10,25,5,5,37
4-Aug-20,12,24,6,9,43
5-Aug-20,16,33,8,14,47
6-Aug-20,15,34,7,8,35
7-Aug-20,16,31,6,8,32
8-Aug-20,16,28,6,14,30
9-Aug-20,14,27,6,6,22
10-Aug-20,14,32,6,6,26
11-Aug-20,15,31,8,35,42
12-Aug-20,15,32,9,48,46
13-Aug-20,16,31,8,21,42
14-Aug-20,11,24,6,6,32
15-Aug-20,16,26,7,5,32
16-Aug-20,17,31,7,4,25
17-Aug-20,10,21,5,4,25
18-Aug-20,13,29,7,11,34
19-Aug-20,17,33,7,10,33
20-Aug-20,13,25,7,10,36
21-Aug-20,12,21,6,6,30
22-Aug-20,13,27,6,14,36
23-Aug-20,13,26,7,8,33
24-Aug-20,14,28,6,6,36
25-Aug-20,15,28,8,11,41
26-Aug-20,14,27,7,7,40
27-Aug-20,15,27,8,13,46
28-Aug-20,12,24,9,20,46
29-Aug-20,14,30,11,53,54
30-Aug-20,16,31,10,10,39
31-Aug-20,17,36,13,45,57
1-Sep-20,21,42,17,66,61
2-Sep-20,18,43,11,11,47
3-Sep-20,21,44,10,23,50
4-Sep-20,14,34,11,19,44
5-Sep-20,10,24,7,5,28
6-Sep-20,12,21,7,6,31
7-Sep-20,12,27,10,16,54
8-Sep-20,15,37,11,40,57
9-Sep-20,13,37,7,4,30
10-Sep-20,11,28,7,6,35
11-Sep-20,12,27,8,13,42
12-Sep-20,11,25,7,7,31
13-Sep-20,13,0,6,5,26
14-Sep-20,12,0,6,4,30
15-Sep-20,14,0,6,8,38
16-Sep-20,15,0,7,14,44
17-Sep-20,14,43,7,14,36
18-Sep-20,14,31,#DIV/0!,6,33
19-Sep-20,11,31,#DIV/0!,4,23
20-Sep-20,9,26,#DIV/0!,5,24
21-Sep-20,10,21,#DIV/0!,21,34
22-Sep-20,11,26,#DIV/0!,23,38
23-Sep-20,16,36,#DIV/0!,35,39
24-Sep-20,16,33,#DIV/0!,27,37
25-Sep-20,13,27,#DIV/0!,26,39
26-Sep-20,15,35,#DIV/0!,25,33
27-Sep-20,10,25,#DIV/0!,10,29
28-Sep-20,14,43,#DIV/0!,29,35
29-Sep-20,20,27,#DIV/0!,16,33
30-Sep-20,0,17,#DIV/0!,14,38
1-Oct-20,0,19,#DIV/0!,18,43
2-Oct-20,10,28,#DIV/0!,56,44
3-Oct-20,14,30,#DIV/0!,36,30
4-Oct-20,14,32,#DIV/0!,46,26
5-Oct-20,16,44,#DIV/0!,42,32
6-Oct-20,30,66,#DIV/0!,49,41
7-Oct-20,29,61,#DIV/0!,60,38
8-Oct-20,12,30,#DIV/0!,21,29
9-Oct-20,8,18,#DIV/0!,21,33
10-Oct-20,11,25,#DIV/0!,38,37
11-Oct-20,12,27,#DIV/0!,35,32
12-Oct-20,11,25,#DIV/0!,44,31
13-Oct-20,8,21,#DIV/0!,14,27
14-Oct-20,0,22,#DIV/0!,31,35
15-Oct-20,13,31,#DIV/0!,67,40
16-Oct-20,11,31,#DIV/0!,54,34
17-Oct-20,15,40,#DIV/0!,38,29
18-Oct-20,11,25,#DIV/0!,25,31
19-Oct-20,11,23,#DIV/0!,36,39
20-Oct-20,8,19,#DIV/0!,11,35
21-Oct-20,9,16,#DIV/0!,15,31
22-Oct-20,14,26,#DIV/0!,32,43
23-Oct-20,21,40,#DIV/0!,109,54
24-Oct-20,26,66,#DIV/0!,154,52
25-Oct-20,20,0,#DIV/0!,77,38
26-Oct-20,14,0,#DIV/0!,65,47
27-Oct-20,17,25,#DIV/0!,88,48
28-Oct-20,10,24,#DIV/0!,36,35
29-Oct-20,7,21,#DIV/0!,57,35
30-Oct-20,21,44,#DIV/0!,112,38
31-Oct-20,11,31,#DIV/0!,66,39
1-Nov-20,15,0,#DIV/0!,78,38
2-Nov-20,21,0,#DIV/0!,98,47
3-Nov-20,32,0,#DIV/0!,149,47
4-Nov-20,22,0,#DIV/0!,64,37
5-Nov-20,7,0,#DIV/0!,16,35
6-Nov-20,10,0,#DIV/0!,12,33
7-Nov-20,8,0,#DIV/0!,4,19
8-Nov-20,7,0,#DIV/0!,6,19
9-Nov-20,10,0,#DIV/0!,20,30
10-Nov-20,11,0,#DIV/0!,9,29
11-Nov-20,10,0,#DIV/0!,11,25
12-Nov-20,14,0,#DIV/0!,40,33
13-Nov-20,20,0,#DIV/0!,40,37
14-Nov-20,19,0,#DIV/0!,21,32
15-Nov-20,23,0,#DIV/0!,20,32
16-Nov-20,31,0,#DIV/0!,54,43
17-Nov-20,28,0,#DIV/0!,66,43
18-Nov-20,17,0,#DIV/0!,50,39
19-Nov-20,7,0,#DIV/0!,7,25
20-Nov-20,7,0,#DIV/0!,12,30
21-Nov-20,8,0,#DIV/0!,5,22
22-Nov-20,11,0,#DIV/0!,5,20
23-Nov-20,14,0,#DIV/0!,29,34
24-Nov-20,18,0,#DIV/0!,32,34
25-Nov-20,10,0,#DIV/0!,10,31
26-Nov-20,12,0,#DIV/0!,17,37
27-Nov-20,26,0,#DIV/0!,109,53
28-Nov-20,38,0,#DIV/0!,118,50
29-Nov-20,25,0,#DIV/0!,36,37
30-Nov-20,20,0,3,68,49
1-Dec-20,11,0,5,18,31
2-Dec-20,13,0,6,27,41
3-Dec-20,13,0,6,25,45
4-Dec-20,15,0,6,58,52
5-Dec-20,26,0,7,62,49
6-Dec-20,27,0,6,24,43
7-Dec-20,14,0,7,31,50
8-Dec-20,18,0,9,128,59
9-Dec-20,21,0,7,56,33
10-Dec-20,13,0,6,16,34
11-Dec-20,13,0,7,53,50
12-Dec-20,16,0,8,68,43
13-Dec-20,9,0,7,14,31
14-Dec-20,6,0,7,11,24
15-Dec-20,10,0,6,29,32
16-Dec-20,18,24,6,78,48
17-Dec-20,22,29,6,83,46
18-Dec-20,26,39,6,78,47
19-Dec-20,21,26,6,14,34
20-Dec-20,18,25,5,8,26
21-Dec-20,13,21,5,21,35
22-Dec-20,13,20,6,32,40
23-Dec-20,34,48,7,124,55
24-Dec-20,43,57,8,118,44
25-Dec-20,22,28,7,56,36
26-Dec-20,33,49,7,54,28
27-Dec-20,10,19,6,3,12
28-Dec-20,7,14,6,17,33
29-Dec-20,8,18,6,8,28
30-Dec-20,9,23,6,6,23
31-Dec-20,13,29,6,9,29
1-Jan-21,22,27,7,51,39
2-Jan-21,36,52,7,61,49
3-Jan-21,17,32,6,25,28
4-Jan-21,21,38,6,13,35
5-Jan-21,18,27,8,55,46
6-Jan-21,32,43,7,58,43
7-Jan-21,27,47,7,110,61
8-Jan-21,22,45,4,46,41
9-Jan-21,31,75,2,66,35
10-Jan-21,42,82,2,62,34
11-Jan-21,22,68,2,12,29
12-Jan-21,23,68,2,11,31
13-Jan-21,9,16,3,17,38
14-Jan-21,11,17,2,10,37
15-Jan-21,12,19,2,25,43
16-Jan-21,11,13,2,10,25
17-Jan-21,16,17,2,5,19
18-Jan-21,16,21,2,19,38
19-Jan-21,23,29,2,37,48
20-Jan-21,0,44,5,157,74
21-Jan-21,29,62,4,242,79
22-Jan-21,31,55,2,151,64
23-Jan-21,10,22,2,8,21
24-Jan-21,8,16,2,13,29
25-Jan-21,8,19,3,10,31
26-Jan-21,11,29,2,25,41
27-Jan-21,8,10,2,9,25
28-Jan-21,12,15,4,35,44
29-Jan-21,34,49,3,120,68
30-Jan-21,26,44,3,95,54
31-Jan-21,28,44,2,57,33
1-Feb-21,16,40,2,31,48
2-Feb-21,19,39,3,99,54
3-Feb-21,30,51,3,90,61
4-Feb-21,24,37,2,50,54
5-Feb-21,29,47,3,110,64
6-Feb-21,31,52,3,105,55
7-Feb-21,23,36,3,47,41
8-Feb-21,13,28,2,9,26
9-Feb-21,16,42,2,44,41
10-Feb-21,16,34,3,29,50
11-Feb-21,21,57,2,27,37
12-Feb-21,13,27,2,48,47
13-Feb-21,13,22,2,9,28
14-Feb-21,9,11,2,5,19
15-Feb-21,7,9,2,7,23
16-Feb-21,17,18,2,4,24
17-Feb-21,31,39,2,67,48
18-Feb-21,48,73,3,152,73
19-Feb-21,41,65,4,146,74
20-Feb-21,37,63,3,86,61
21-Feb-21,22,0,2,8,30
22-Feb-21,29,55,2,73,64
23-Feb-21,41,67,6,175,82
24-Feb-21,32,52,5,115,67
25-Feb-21,21,33,2,9,33
26-Feb-21,22,40,3,29,50
27-Feb-21,33,57,6,73,63
28-Feb-21,35,53,2,24,30
1-Mar-21,13,20,2,19,41
2-Mar-21,9,17,2,10,29
3-Mar-21,12,19,2,19,42
4-Mar-21,30,41,7,62,67
5-Mar-21,32,50,4,70,66
6-Mar-21,18,29,2,10,49
7-Mar-21,0,0,#DIV/0!,#DIV/0!,#DIV/0!
8-Mar-21,10,19,2,4,35
9-Mar-21,16,26,3,16,48
10-Mar-21,21,37,4,31,56
11-Mar-21,11,25,3,7,27
12-Mar-21,15,21,3,14,39
13-Mar-21,29,43,4,47,54
14-Mar-21,31,44,3,12,39
15-Mar-21,11,23,4,6,20
16-Mar-21,5,15,4,5,21
17-Mar-21,7,16,5,8,28
18-Mar-21,6,14,4,9,31
19-Mar-21,10,17,3,11,41
20-Mar-21,17,28,2,12,39
21-Mar-21,17,34,3,7,29
22-Mar-21,15,34,4,7,32
23-Mar-21,8,15,2,12,31
24-Mar-21,10,15,2,6,22
25-Mar-21,10,12,2,3,17
26-Mar-21,17,25,4,33,52
27-Mar-21,26,36,3,27,53
28-Mar-21,33,43,4,27,52
29-Mar-21,29,46,4,49,63
30-Mar-21,11,19,2,8,33
31-Mar-21,10,18,2,8,28
1-Apr-21,17,29,2,25,49
2-Apr-21,29,48,5,81,66
3-Apr-21,19,32,3,10,43
4-Apr-21,17,36,3,3,23
5-Apr-21,15,42,2,23,42
6-Apr-21,15,40,4,13,34
7-Apr-21,11,22,3,5,27
8-Apr-21,11,24,2,9,35
9-Apr-21,10,14,2,6,28
10-Apr-21,12,18,2,9,37
11-Apr-21,22,29,4,9,41
12-Apr-21,20,30,3,27,56
13-Apr-21,21,34,5,33,57
14-Apr-21,24,38,3,39,55
15-Apr-21,13,27,5,18,40
16-Apr-21,15,29,2,12,40
17-Apr-21,19,31,2,5,26
18-Apr-21,30,50,4,6,37
19-Apr-21,24,42,4,20,45
20-Apr-21,8,13,2,5,27
21-Apr-21,8,15,4,6,35
22-Apr-21,13,21,3,23,44
23-Apr-21,14,27,2,21,58
24-Apr-21,10,14,2,7,28
25-Apr-21,12,18,2,6,26
26-Apr-21,16,26,2,18,58
27-Apr-21,18,30,4,18,46
28-Apr-21,17,34,3,18,45
29-Apr-21,23,50,4,36,66
30-Apr-21,24,56,7,34,59
1-May-21,26,53,9,52,75
2-May-21,42,70,6,37,67
3-May-21,27,56,5,39,61
4-May-21,13,36,3,7,38
5-May-21,15,0,7,16,45
6-May-21,12,25,6,10,41
7-May-21,15,31,4,21,58
8-May-21,14,28,9,13,50
9-May-21,9,23,2,3,16
10-May-21,9,21,2,11,38
11-May-21,9,19,3,15,50
12-May-21,12,22,3,14,55
13-May-21,14,28,5,11,42
14-May-21,9,21,7,8,36
15-May-21,13,26,6,15,53
16-May-21,7,15,5,4,30
17-May-21,9,21,4,11,42
18-May-21,9,23,4,13,44
19-May-21,15,31,5,27,58
20-May-21,26,42,4,9,37
21-May-21,6,16,3,7,32
22-May-21,13,22,3,10,36
23-May-21,14,25,5,5,40
24-May-21,21,37,8,38,85
25-May-21,17,37,8,20,72
26-May-21,19,38,5,15,65
27-May-21,15,32,6,9,55
28-May-21,12,28,7,9,47
29-May-21,13,23,4,5,32
30-May-21,13,23,3,5,36
31-May-21,14,24,5,8,39
1-Jun-21,9,17,3,5,26
2-Jun-21,9,16,3,8,34
3-Jun-21,14,23,5,11,43
4-Jun-21,13,23,2,12,50
5-Jun-21,12,22,2,5,34
6-Jun-21,18,29,4,6,40
7-Jun-21,18,33,5,16,54
8-Jun-21,16,30,4,16,55
9-Jun-21,15,25,3,12,43
10-Jun-21,14,23,3,10,46
11-Jun-21,17,32,3,44,70
12-Jun-21,20,34,4,31,52
13-Jun-21,21,22,4,9,36
14-Jun-21,11,20,3,12,43
15-Jun-21,10,14,2,11,38
16-Jun-21,14,21,4,19,53
17-Jun-21,17,28,5,30,60
18-Jun-21,18,28,6,21,65
19-Jun-21,20,29,11,16,55
20-Jun-21,20,27,#DIV/0!,#DIV/0!,#DIV/0!
21-Jun-21,18,27,#DIV/0!,#DIV/0!,#DIV/0!
22-Jun-21,18,24,#DIV/0!,#DIV/0!,#DIV/0!
23-Jun-21,0,0,#DIV/0!,#DIV/0!,#DIV/0!
24-Jun-21,0,0,#DIV/0!,#DIV/0!,#DIV/0!
25-Jun-21,23,54,2,#DIV/0!,#DIV/0!
26-Jun-21,32,64,6,#DIV/0!,#DIV/0!
27-Jun-21,27,50,4,#DIV/0!,#DIV/0!
28-Jun-21,21,37,4,#DIV/0!,#DIV/0!
29-Jun-21,21,35,2,#DIV/0!,#DIV/0!
30-Jun-21,21,36,2,#DIV/0!,#DIV/0!
1-Jul-21,25,53,3,#DIV/0!,#DIV/0!
2-Jul-21,17,45,4,#DIV/0!,#DIV/0!
3-Jul-21,14,28,2,#DIV/0!,#DIV/0!
4-Jul-21,0,0,#DIV/0!,#DIV/0!,#DIV/0!
5-Jul-21,11,22,2,#DIV/0!,#DIV/0!
6-Jul-21,17,31,2,#DIV/0!,#DIV/0!
7-Jul-21,18,33,2,#DIV/0!,#DIV/0!
8-Jul-21,15,24,2,#DIV/0!,#DIV/0!
9-Jul-21,12,21,2,#DIV/0!,#DIV/0!
10-Jul-21,10,23,2,#DIV/0!,#DIV/0!
11-Jul-21,11,21,2,#DIV/0!,#DIV/0!
12-Jul-21,14,24,2,#DIV/0!,#DIV/0!
13-Jul-21,16,29,2,#DIV/0!,#DIV/0!
14-Jul-21,15,29,2,#DIV/0!,#DIV/0!
15-Jul-21,15,30,2,#DIV/0!,#DIV/0!
16-Jul-21,17,36,2,#DIV/0!,#DIV/0!
17-Jul-21,16,36,3,#DIV/0!,#DIV/0!
18-Jul-21,17,34,2,#DIV/0!,#DIV/0!
19-Jul-21,14,28,2,#DIV/0!,#DIV/0!
20-Jul-21,13,21,2,#DIV/0!,#DIV/0!
21-Jul-21,16,31,2,#DIV/0!,#DIV/0!
22-Jul-21,16,29,2,#DIV/0!,#DIV/0!
23-Jul-21,12,20,2,#DIV/0!,#DIV/0!
24-Jul-21,11,22,2,#DIV/0!,#DIV/0!
25-Jul-21,11,21,2,#DIV/0!,#DIV/0!
26-Jul-21,12,22,2,#DIV/0!,#DIV/0!
27-Jul-21,12,22,2,#DIV/0!,#DIV/0!
28-Jul-21,12,25,2,#DIV/0!,#DIV/0!
29-Jul-21,21,42,2,#DIV/0!,#DIV/0!
30-Jul-21,28,57,4,#DIV/0!,#DIV/0!
31-Jul-21,33,64,4,#DIV/0!,#DIV/0!
1-Aug-21,32,60,3,#DIV/0!,#DIV/0!
2-Aug-21,30,56,4,#DIV/0!,#DIV/0!
3-Aug-21,34,69,3,#DIV/0!,#DIV/0!
4-Aug-21,73,115,6,#DIV/0!,#DIV/0!
5-Aug-21,34,66,6,#DIV/0!,#DIV/0!
6-Aug-21,40,76,4,#DIV/0!,#DIV/0!
7-Aug-21,32,51,2,#DIV/0!,#DIV/0!
8-Aug-21,18,26,2,#DIV/0!,#DIV/0!
9-Aug-21,18,30,2,#DIV/0!,#DIV/0!
10-Aug-21,28,43,5,#DIV/0!,#DIV/0!
11-Aug-21,24,38,5,#DIV/0!,#DIV/0!
12-Aug-21,14,29,2,#DIV/0!,#DIV/0!
13-Aug-21,12,19,2,#DIV/0!,#DIV/0!
14-Aug-21,11,21,2,#DIV/0!,#DIV/0!
15-Aug-21,10,16,2,#DIV/0!,#DIV/0!
16-Aug-21,10,16,2,#DIV/0!,#DIV/0!
17-Aug-21,16,23,3,#DIV/0!,#DIV/0!
18-Aug-21,22,34,2,#DIV/0!,#DIV/0!
19-Aug-21,19,29,2,#DIV/0!,#DIV/0!
20-Aug-21,13,22,2,#DIV/0!,#DIV/0!
21-Aug-21,11,17,2,#DIV/0!,#DIV/0!
22-Aug-21,12,18,2,#DIV/0!,#DIV/0!
23-Aug-21,14,23,2,#DIV/0!,#DIV/0!
24-Aug-21,13,20,2,#DIV/0!,#DIV/0!
25-Aug-21,14,24,2,#DIV/0!,#DIV/0!
26-Aug-21,20,33,3,#DIV/0!,#DIV/0!
27-Aug-21,20,38,2,#DIV/0!,#DIV/0!
28-Aug-21,19,25,2,#DIV/0!,#DIV/0!
29-Aug-21,0,23,2,#DIV/0!,#DIV/0!
30-Aug-21,0,21,3,#DIV/0!,#DIV/0!
31-Aug-21,17,28,2,#DIV/0!,#DIV/0!
1-Sep-21,14,30,2,#DIV/0!,#DIV/0!
2-Sep-21,15,26,2,#DIV/0!,#DIV/0!
3-Sep-21,12,22,2,#DIV/0!,#DIV/0!
4-Sep-21,11,21,2,#DIV/0!,#DIV/0!
5-Sep-21,12,21,2,#DIV/0!,#DIV/0!
6-Sep-21,11,27,2,#DIV/0!,#DIV/0!
7-Sep-21,11,31,2,7,26
8-Sep-21,13,28,2,10,30
9-Sep-21,9,14,2,8,28
10-Sep-21,14,22,2,12,43
11-Sep-21,15,28,2,15,45
12-Sep-21,17,33,4,6,36
13-Sep-21,18,34,3,13,44
14-Sep-21,15,33,4,17,50
15-Sep-21,23,45,3,48,80
16-Sep-21,25,44,6,46,75
17-Sep-21,26,49,6,50,73
18-Sep-21,20,44,4,36,61
19-Sep-21,21,46,6,50,56
20-Sep-21,20,48,4,42,59
21-Sep-21,18,38,7,20,57
22-Sep-21,18,32,4,15,48
23-Sep-21,11,18,2,15,37
24-Sep-21,12,20,6,19,53
25-Sep-21,20,37,4,61,71
26-Sep-21,18,32,5,49,64
27-Sep-21,22,40,6,88,87
28-Sep-21,17,31,4,25,63
29-Sep-21,11,20,2,13,34
30-Sep-21,9,0,2,10,32
1-Oct-21,11,24,2,10,30
2-Oct-21,10,20,2,6,25
3-Oct-21,9,18,2,8,30
4-Oct-21,11,21,2,23,51
5-Oct-21,14,26,3,25,49
6-Oct-21,12,26,2,13,38
7-Oct-21,10,24,2,13,40
8-Oct-21,18,33,2,30,66
9-Oct-21,16,22,2,17,45
10-Oct-21,16,27,2,24,45
11-Oct-21,13,29,2,46,47
12-Oct-21,14,30,3,51,50
13-Oct-21,14,26,4,69,59
14-Oct-21,12,20,2,43,61
15-Oct-21,10,21,2,24,43
16-Oct-21,13,23,4,27,42
17-Oct-21,14,21,2,17,40
18-Oct-21,11,18,2,25,45
19-Oct-21,14,23,2,23,50
20-Oct-21,18,29,2,40,56
21-Oct-21,22,35,4,43,54
22-Oct-21,22,38,3,96,62
23-Oct-21,21,37,4,73,56
24-Oct-21,22,38,3,77,41
25-Oct-21,10,20,2,12,28
26-Oct-21,10,19,2,20,38
27-Oct-21,14,24,2,31,48
28-Oct-21,11,19,2,9,27
29-Oct-21,13,22,2,16,38
30-Oct-21,17,31,2,20,50
31-Oct-21,18,28,2,9,35
1-Nov-21,24,35,3,58,69
2-Nov-21,22,40,2,36,55
3-Nov-21,21,42,4,113,64
4-Nov-21,24,49,2,98,56
5-Nov-21,25,50,2,61,55
6-Nov-21,50,78,3,84,83
7-Nov-21,35,64,3,120,56
8-Nov-21,32,56,2,53,52
9-Nov-21,32,57,2,42,55
10-Nov-21,14,26,2,13,24
11-Nov-21,12,24,2,28,48
12-Nov-21,19,29,2,35,58
13-Nov-21,33,45,3,51,52
14-Nov-21,36,47,3,20,52
15-Nov-21,31,41,3,46,56
16-Nov-21,23,35,2,37,48
17-Nov-21,17,29,2,27,43
18-Nov-21,20,29,2,28,53
19-Nov-21,22,28,2,27,47
20-Nov-21,18,23,2,19,38
21-Nov-21,26,35,3,78,58
22-Nov-21,30,46,3,103,53
23-Nov-21,16,25,2,67,48
24-Nov-21,13,18,2,23,37
25-Nov-21,13,20,2,29,44
26-Nov-21,29,34,4,155,29
27-Nov-21,29,56,6,146,27
28-Nov-21,16,37,5,47,24
29-Nov-21,26,80,5,16,29
30-Nov-21,9,19,4,15,30
1-Dec-21,11,22,3,40,38
2-Dec-21,22,41,4,135,41
3-Dec-21,23,49,5,141,31
4-Dec-21,22,36,4,53,25
5-Dec-21,29,42,4,93,25
6-Dec-21,22,46,4,120,30
7-Dec-21,12,28,4,25,33
8-Dec-21,13,21,7,51,29
9-Dec-21,16,38,4,70,33
10-Dec-21,13,46,4,12,38
11-Dec-21,12,0,4,12,25
12-Dec-21,11,0,4,29,30
13-Dec-21,20,28,5,55,35
14-Dec-21,9,13,5,24,27
15-Dec-21,10,16,4,29,28
16-Dec-21,19,29,5,63,42
17-Dec-21,26,36,7,74,49
18-Dec-21,10,16,5,11,23
19-Dec-21,11,14,4,14,27
20-Dec-21,45,62,9,174,45
21-Dec-21,19,30,6,52,34
22-Dec-21,17,25,5,43,32
23-Dec-21,20,33,4,48,37
24-Dec-21,36,53,8,108,46
25-Dec-21,33,46,8,146,36
26-Dec-21,36,57,10,149,32
27-Dec-21,19,39,8,63,33
28-Dec-21,14,27,7,25,29
29-Dec-21,21,33,9,90,33
30-Dec-21,22,34,9,90,23
31-Dec-21,17,22,6,41,25