DAY,O3,CO,NO,NO2,SO2
1-Jan-18,17,1.81,199,35,7
2-Jan-18,30,0.44,37,28,4
3-Jan-18,16,0.92,96,36,5
4-Jan-18,25,0.55,59,30,5
5-Jan-18,18,1.2,159,44,8
6-Jan-18,15,1.64,231,48,8
7-Jan-18,14,1.37,168,45,6
8-Jan-18,15,0.77,78,37,5
9-Jan-18,13,0.77,75,31,5
10-Jan-18,10,0.65,45,29,5
11-Jan-18,13,0.65,55,30,5
12-Jan-18,19,0.71,69,34,6
13-Jan-18,25,0.54,47,30,4
14-Jan-18,30,0.38,36,19,4
15-Jan-18,22,0.57,44,27,4
16-Jan-18,18,1.08,129,38,6
17-Jan-18,34,0.43,39,27,5
18-Jan-18,53,0.26,13,12,4
19-Jan-18,22,0.73,77,27,7
20-Jan-18,33,0.54,45,22,4
21-Jan-18,43,0.37,23,15,2
22-Jan-18,30,0.41,26,15,3
23-Jan-18,24,0.61,52,20,3
24-Jan-18,46,0.4,33,13,2
25-Jan-18,37,0.49,42,19,2
26-Jan-18,27,0.63,58,25,2
27-Jan-18,22,0.62,61,27,2
28-Jan-18,17,1.17,153,31,6
29-Jan-18,10,1.76,247,35,14
30-Jan-18,10,1.79,252,33,10
31-Jan-18,12,1.71,227,34,12
1-Feb-18,20,0.98,88,29,7
2-Feb-18,22,0.71,67,23,4
3-Feb-18,40,0.34,27,13,2
4-Feb-18,51,0.35,17,11,3
5-Feb-18,19,0.88,80,21,4
6-Feb-18,42,0.47,24,15,3
7-Feb-18,23,0.81,61,25,4
8-Feb-18,39,0.43,24,18,3
9-Feb-18,20,0.65,57,26,7
10-Feb-18,33,0.53,43,19,3
11-Feb-18,59,0.25,11,8,2
12-Feb-18,42,0.45,30,17,4
13-Feb-18,35,0.57,47,22,5
14-Feb-18,46,0.41,25,16,4
15-Feb-18,21,0.69,61,26,3
16-Feb-18,20,0.7,51,21,3
17-Feb-18,20,0.9,92,27,3
18-Feb-18,24,0.81,78,27,5
19-Feb-18,35,0.48,30,17,2
20-Feb-18,32,0.53,30,17,2
21-Feb-18,16,0.85,63,23,4
22-Feb-18,22,0.9,80,22,4
23-Feb-18,18,0.82,63,22,4
24-Feb-18,37,0.43,26,15,3
25-Feb-18,33,0.43,24,13,2
26-Feb-18,50,0.35,22,15,3
27-Feb-18,41,0.64,51,16,5
28-Feb-18,58,0.33,17,14,5
1-Mar-18,39,0.55,44,20,5
2-Mar-18,54,0.48,0,0,3
3-Mar-18,35,0.58,0,0,10
4-Mar-18,28,0.73,0,0,10
5-Mar-18,19,0.95,0,0,5
6-Mar-18,46,0.45,0,0,4
7-Mar-18,56,0.39,0,0,5
8-Mar-18,64,0.29,0,0,4
9-Mar-18,34,0.53,0,0,10
10-Mar-18,34,0.81,0,0,9
11-Mar-18,38,0.66,0,0,7
12-Mar-18,37,0.51,0,0,5
13-Mar-18,64,0.28,0,0,2
14-Mar-18,65,0.28,0,0,2
15-Mar-18,55,0.36,0,0,3
16-Mar-18,24,0.66,0,0,6
17-Mar-18,38,0.68,0,0,4
18-Mar-18,50,0.4,0,0,3
19-Mar-18,52,0.38,0,0,3
20-Mar-18,58,0.38,0,0,4
21-Mar-18,38,0.57,0,0,3
22-Mar-18,45,0.65,0,0,2
23-Mar-18,66,0.29,0,0,3
24-Mar-18,66,0.32,0,0,3
25-Mar-18,67,0.28,0,0,3
26-Mar-18,62,0.35,0,0,2
27-Mar-18,45,0.4,0,0,4
28-Mar-18,32,0.55,24,49,6
29-Mar-18,68,0,16,39,2
30-Mar-18,56,0,41,58,5
31-Mar-18,39,0,40,56,3
1-Apr-18,79,0,12,21,2
2-Apr-18,68,0,15,39,3
3-Apr-18,39,0.45,61,67,5
4-Apr-18,41,0.79,69,74,11
5-Apr-18,39,0.82,68,78,12
6-Apr-18,58,0.48,20,52,7
7-Apr-18,50,0.38,21,45,3
8-Apr-18,78,0.25,13,28,2
9-Apr-18,88,0.25,9,31,3
10-Apr-18,48,0.49,33,61,7
11-Apr-18,30,0.69,47,70,8
12-Apr-18,30,0.71,59,76,8
13-Apr-18,41,0.69,51,69,9
14-Apr-18,49,0.75,50,71,12
15-Apr-18,60,0.41,19,52,11
16-Apr-18,42,0.53,24,59,7
17-Apr-18,57,0.42,21,50,10
18-Apr-18,56,0.6,32,57,6
19-Apr-18,49,0.6,26,59,3
20-Apr-18,48,0.58,37,55,7
21-Apr-18,68,0.41,21,41,2
22-Apr-18,68,0.45,25,54,9
23-Apr-18,52,0.66,47,67,7
24-Apr-18,50,0.74,51,79,14
25-Apr-18,47,0.73,52,81,12
26-Apr-18,54,0.73,49,81,9
27-Apr-18,50,0.79,55,89,12
28-Apr-18,66,0.56,26,66,4
29-Apr-18,80,0.35,13,47,5
30-Apr-18,48,0.48,21,56,6
1-May-18,59,0.34,14,45,7
2-May-18,56,0.52,33,64,7
3-May-18,55,0.55,22,65,6
4-May-18,50,0.52,31,72,7
5-May-18,54,0.4,16,50,8
6-May-18,52,0.31,17,43,4
7-May-18,38,0.48,20,46,3
8-May-18,32,0.7,40,64,3
9-May-18,48,0.53,37,45,4
10-May-18,53,0.38,24,43,4
11-May-18,51,0.48,20,45,3
12-May-18,56,0.45,20,44,2
13-May-18,72,0.33,17,46,4
14-May-18,58,0.38,20,44,4
15-May-18,45,0.48,31,54,7
16-May-18,30,0.51,28,63,6
17-May-18,37,0.49,28,64,8
18-May-18,27,0.74,47,64,8
19-May-18,48,0.57,43,55,4
20-May-18,53,0.34,15,42,3
21-May-18,65,0.43,20,42,3
22-May-18,80,0.36,15,46,3
23-May-18,68,0.37,16,45,3
24-May-18,39,0.38,22,53,6
25-May-18,41,0.58,29,53,3
26-May-18,75,0.39,18,44,3
27-May-18,68,0.29,17,31,2
28-May-18,64,0.31,18,31,2
29-May-18,67,0.42,20,40,3
30-May-18,70,0.42,17,37,3
31-May-18,67,0.48,19,43,3
1-Jun-18,53,0.58,29,64,7
2-Jun-18,63,0.46,26,62,3
3-Jun-18,77,0.33,15,51,5
4-Jun-18,65,0.48,26,64,6
5-Jun-18,57,0.45,32,63,9
6-Jun-18,45,0.4,29,55,7
7-Jun-18,45,0.38,23,53,6
8-Jun-18,50,0.43,25,65,7
9-Jun-18,58,0.35,19,49,6
10-Jun-18,66,0.21,11,33,7
11-Jun-18,70,0.37,16,43,3
12-Jun-18,74,0.38,18,50,5
13-Jun-18,72,0.4,21,56,10
14-Jun-18,60,0.38,22,49,7
15-Jun-18,60,0.29,17,34,4
16-Jun-18,50,0.36,18,39,2
17-Jun-18,42,0.35,20,46,3
18-Jun-18,35,0.63,43,60,3
19-Jun-18,37,0.6,36,54,3
20-Jun-18,59,0.48,23,52,3
21-Jun-18,59,0.48,27,58,4
22-Jun-18,60,0.38,31,52,6
23-Jun-18,57,0.36,19,48,4
24-Jun-18,50,0.28,16,33,2
25-Jun-18,55,0.38,22,39,3
26-Jun-18,68,0.3,17,33,3
27-Jun-18,60,0.3,18,34,2
28-Jun-18,68,0.21,11,27,3
29-Jun-18,75,0.2,12,31,3
30-Jun-18,68,0.29,16,43,5
1-Jul-18,63,0.32,19,44,4
2-Jul-18,60,0.47,32,64,8
3-Jul-18,64,0.59,45,71,8
4-Jul-18,61,0.54,38,71,7
5-Jul-18,53,0.46,32,62,6
6-Jul-18,53,0.41,24,55,10
7-Jul-18,66,0.34,19,50,8
8-Jul-18,73,0.23,13,32,4
9-Jul-18,66,0.32,17,39,4
10-Jul-18,63,0.28,14,34,4
11-Jul-18,71,0.31,17,42,6
12-Jul-18,51,0.43,24,52,5
13-Jul-18,42,0.54,41,58,6
14-Jul-18,42,0.48,30,51,5
15-Jul-18,61,0.27,16,40,4
16-Jul-18,63,0.41,31,55,8
17-Jul-18,50,0.4,28,55,8
18-Jul-18,65,0.29,13,35,4
19-Jul-18,67,0.33,22,49,5
20-Jul-18,64,0.34,17,40,4
21-Jul-18,63,0.36,26,49,3
22-Jul-18,56,0.38,25,53,7
23-Jul-18,56,0.32,23,46,4
24-Jul-18,60,0.32,17,39,3
25-Jul-18,63,0.34,21,42,3
26-Jul-18,51,0.4,24,44,3
27-Jul-18,54,0.37,19,45,4
28-Jul-18,56,0.3,15,38,3
29-Jul-18,49,0.33,17,42,2
30-Jul-18,43,0.44,21,45,2
31-Jul-18,40,0.52,29,48,2
1-Aug-18,34,0.54,35,49,2
2-Aug-18,33,0.56,32,47,2
3-Aug-18,45,0.55,30,47,2
4-Aug-18,55,0.39,22,40,2
5-Aug-18,68,0.28,17,37,2
6-Aug-18,59,0.46,26,54,2
7-Aug-18,43,0.58,44,62,2
8-Aug-18,42,0.55,34,58,2
9-Aug-18,50,0.45,27,43,2
10-Aug-18,51,0.4,25,36,2
11-Aug-18,51,0.35,23,33,2
12-Aug-18,55,0.27,18,30,2
13-Aug-18,48,0.44,23,42,2
14-Aug-18,54,0.35,24,44,2
15-Aug-18,55,0.27,18,37,2
16-Aug-18,58,0.33,23,45,3
17-Aug-18,59,0.26,15,42,7
18-Aug-18,44,0.4,28,50,3
19-Aug-18,57,0.28,19,42,2
20-Aug-18,70,0.33,18,33,2
21-Aug-18,58,0.32,18,37,2
22-Aug-18,54,0.36,24,43,2
23-Aug-18,64,0.35,18,43,2
24-Aug-18,68,0.32,16,43,2
25-Aug-18,55,0.32,18,40,4
26-Aug-18,47,0.37,18,40,3
27-Aug-18,54,0.31,16,38,3
28-Aug-18,41,0.42,28,45,2
29-Aug-18,40,0.52,30,48,2
30-Aug-18,33,0.73,51,63,3
31-Aug-18,29,0.74,52,66,3
1-Sep-18,39,0.65,58,62,3
2-Sep-18,39,0.57,46,63,9
3-Sep-18,36,0.64,51,69,4
4-Sep-18,55,0.37,18,45,4
5-Sep-18,52,0.36,19,47,7
6-Sep-18,61,0.37,17,42,4
7-Sep-18,62,0.35,17,42,3
8-Sep-18,42,0.43,27,52,4
9-Sep-18,42,0.58,33,49,2
10-Sep-18,39,0.65,47,61,3
11-Sep-18,41,0.68,50,60,4
12-Sep-18,45,0.6,36,53,3
13-Sep-18,53,0.5,21,41,2
14-Sep-18,42,0.62,35,59,3
15-Sep-18,42,0.69,51,57,3
16-Sep-18,36,0.82,61,57,3
17-Sep-18,44,0.6,33,57,3
18-Sep-18,46,0.55,29,42,2
19-Sep-18,42,0.57,29,46,2
20-Sep-18,44,0.49,27,46,2
21-Sep-18,34,0.53,40,54,3
22-Sep-18,39,0.71,63,58,4
23-Sep-18,43,0.71,51,60,4
24-Sep-18,35,0.81,74,64,6
25-Sep-18,27,0.61,47,42,3
26-Sep-18,56,0.39,23,27,2
27-Sep-18,52,0.34,23,26,2
28-Sep-18,41,0.41,29,31,2
29-Sep-18,39,0.34,25,35,2
30-Sep-18,43,0.19,13,25,2
1-Oct-18,31,0.44,32,38,4
2-Oct-18,27,0.93,85,54,4
3-Oct-18,21,0.99,87,47,3
4-Oct-18,18,0.97,84,47,3
5-Oct-18,42,0.64,34,47,3
6-Oct-18,41,0.5,27,47,2
7-Oct-18,38,0.44,26,44,2
8-Oct-18,29,0.74,65,47,3
9-Oct-18,27,0.66,71,54,4
10-Oct-18,38,0.63,34,51,2
11-Oct-18,38,0.72,35,51,2
12-Oct-18,30,0.58,31,45,2
13-Oct-18,36,0.58,34,41,2
14-Oct-18,32,0.45,27,36,2
15-Oct-18,25,0.5,28,40,2
16-Oct-18,23,0.68,46,52,2
17-Oct-18,26,0.49,45,54,3
18-Oct-18,20,0.41,80,65,3
19-Oct-18,23,0.53,61,52,3
20-Oct-18,26,0.67,81,51,3
21-Oct-18,38,0.16,24,42,2
22-Oct-18,46,0.23,26,40,2
23-Oct-18,34,0.28,27,40,2
24-Oct-18,33,0.28,35,49,3
25-Oct-18,26,0.43,54,47,2
26-Oct-18,23,0.6,96,62,7
27-Oct-18,21,1.22,139,55,5
28-Oct-18,39,0.24,29,35,2
29-Oct-18,29,0.26,45,43,2
30-Oct-18,20,0.3,46,46,2
31-Oct-18,15,0.36,47,49,3
1-Nov-18,10,0.78,99,56,4
2-Nov-18,9,0.63,112,61,5
3-Nov-18,15,0.5,80,51,3
4-Nov-18,25,0.15,35,44,2
5-Nov-18,13,0.49,65,58,3
6-Nov-18,17,0.36,46,52,2
7-Nov-18,14,0.37,56,44,2
8-Nov-18,16,0.3,42,43,2
9-Nov-18,15,0.36,44,46,2
10-Nov-18,16,0.32,49,48,2
11-Nov-18,19,0.33,52,43,2
12-Nov-18,12,0.42,65,55,2
13-Nov-18,24,0.2,43,47,2
14-Nov-18,29,0.3,36,37,2
15-Nov-18,29,0.26,37,37,2
16-Nov-18,22,0.28,38,39,2
17-Nov-18,22,0.16,30,29,2
18-Nov-18,13,0.44,63,33,2
19-Nov-18,16,0.65,105,35,4
20-Nov-18,8,1.1,140,39,4
21-Nov-18,17,0.56,61,49,3
22-Nov-18,11,0.54,72,43,3
23-Nov-18,21,0.33,41,34,2
24-Nov-18,19,0.35,49,41,2
25-Nov-18,20,0.61,79,35,3
26-Nov-18,39,0.14,24,27,2
27-Nov-18,37,0.1,22,30,2
28-Nov-18,24,0.24,38,42,4
29-Nov-18,27,0.14,29,23,2
30-Nov-18,21,0.3,40,39,2
1-Dec-18,11,0.48,63,51,3
2-Dec-18,19,0.28,32,41,2
3-Dec-18,10,0.73,97,58,4
4-Dec-18,8,0.7,90,58,7
5-Dec-18,12,0.42,53,54,4
6-Dec-18,25,0.22,28,34,2
7-Dec-18,24,0.8,55,45,4
8-Dec-18,12,1.32,135,62,7
9-Dec-18,27,0.9,78,43,4
10-Dec-18,25,0.47,48,46,3
11-Dec-18,14,0.57,41,50,3
12-Dec-18,13,0.97,92,57,8
13-Dec-18,4,1.17,110,60,5
14-Dec-18,4,1.74,153,62,6
15-Dec-18,21,0.53,39,46,2
16-Dec-18,21,0.6,42,53,2
17-Dec-18,9,1.01,99,54,6
18-Dec-18,16,0.52,37,39,2
19-Dec-18,14,0.56,34,34,3
20-Dec-18,12,0.82,57,41,4
21-Dec-18,6,1.42,134,54,9
22-Dec-18,21,1.34,140,45,6
23-Dec-18,11,1.42,131,58,7
24-Dec-18,9,1.49,145,52,8
25-Dec-18,16,0.4,32,35,3
26-Dec-18,29,0.36,21,29,2
27-Dec-18,11,0.73,59,55,5
28-Dec-18,11,1.07,95,59,7
29-Dec-18,8,1.64,166,62,7
30-Dec-18,13,0.62,41,48,4
31-Dec-18,18,0.58,37,41,3
1-Jan-19,38,0.25,23,27,2
2-Jan-19,14,0.83,80,51,5
3-Jan-19,20,0.53,45,39,3
4-Jan-19,9,0.68,68,49,4
5-Jan-19,18,0.41,31,45,3
6-Jan-19,27,0.34,25,43,3
7-Jan-19,30,0.41,27,39,3
8-Jan-19,26,0.72,63,41,5
9-Jan-19,23,1.12,123,47,6
10-Jan-19,51,0.19,13,25,2
11-Jan-19,22,0.64,54,58,4
12-Jan-19,21,0.43,33,45,2
13-Jan-19,19,0.55,38,48,5
14-Jan-19,11,0.79,73,55,6
15-Jan-19,36,0.41,23,35,2
16-Jan-19,35,0.51,40,41,4
17-Jan-19,13,1.27,146,67,9
18-Jan-19,13,1.29,147,68,9
19-Jan-19,7,1.56,178,70,8
20-Jan-19,24,0.5,36,43,2
21-Jan-19,11,1,98,52,6
22-Jan-19,27,0.71,79,42,4
23-Jan-19,36,0.35,34,36,2
24-Jan-19,37,0.33,35,41,4
25-Jan-19,50,0.2,20,30,2
26-Jan-19,39,0.36,25,40,4
27-Jan-19,18,0.81,68,51,8
28-Jan-19,26,1.06,116,43,6
29-Jan-19,57,0.26,15,26,2
30-Jan-19,33,0.39,37,46,4
31-Jan-19,34,0.38,56,43,5
1-Feb-19,28,0.82,101,59,8
2-Feb-19,21,1.33,151,53,6
3-Feb-19,15,0.86,84,55,3
4-Feb-19,18,0.73,62,48,3
5-Feb-19,33,0.45,29,44,4
6-Feb-19,30,0.39,32,48,2
7-Feb-19,28,0.41,31,31,2
8-Feb-19,26,0.45,28,41,2
9-Feb-19,12,0.75,72,52,4
10-Feb-19,16,1.07,113,49,6
11-Feb-19,46,0.27,16,37,3
12-Feb-19,41,0.34,21,38,3
13-Feb-19,30,0.34,27,32,2
14-Feb-19,38,0.38,29,36,2
15-Feb-19,30,0.36,32,43,2
16-Feb-19,32,0.38,36,44,2
17-Feb-19,26,0.46,37,50,2
18-Feb-19,13,1.24,147,76,7
19-Feb-19,12,1.31,162,72,8
20-Feb-19,16,1.19,145,68,6
21-Feb-19,19,1.06,126,69,5
22-Feb-19,28,0.8,103,62,5
23-Feb-19,37,0.27,30,39,2
24-Feb-19,48,0.16,20,21,2
25-Feb-19,39,0.31,23,31,2
26-Feb-19,38,0.51,40,42,3
27-Feb-19,38,0.5,33,47,4
28-Feb-19,40,0.34,19,43,3
1-Mar-19,31,0.47,32,58,3
2-Mar-19,38,0.4,25,54,2
3-Mar-19,38,0.33,21,41,2
4-Mar-19,36,0.45,43,55,4
5-Mar-19,33,0.58,56,58,3
6-Mar-19,41,0.42,29,56,3
7-Mar-19,25,0.61,68,64,4
8-Mar-19,23,0.75,82,65,5
9-Mar-19,28,0.44,38,62,3
10-Mar-19,44,0.3,17,43,2
11-Mar-19,66,0.12,9,23,2
12-Mar-19,40,0.27,25,35,2
13-Mar-19,41,0.28,22,36,2
14-Mar-19,34,0.44,41,43,2
15-Mar-19,31,0.39,28,45,3
16-Mar-19,32,0.67,65,53,4
17-Mar-19,37,0.68,58,54,4
18-Mar-19,30,0.68,59,47,5
19-Mar-19,37,0.47,37,48,5
20-Mar-19,23,0.75,62,47,3
21-Mar-19,55,0.42,21,34,2
22-Mar-19,51,0.5,24,37,2
23-Mar-19,52,0.44,26,44,2
24-Mar-19,54,0.38,22,39,2
25-Mar-19,60,0.35,19,44,4
26-Mar-19,35,0.66,54,64,6
27-Mar-19,32,0.65,42,50,3
28-Mar-19,53,0.38,22,35,3
29-Mar-19,63,0.33,21,29,2
30-Mar-19,62,0.36,23,35,2
31-Mar-19,57,0.31,22,38,2
1-Apr-19,44,0.51,28,50,2
2-Apr-19,55,0.47,25,47,2
3-Apr-19,56,0.5,24,48,2
4-Apr-19,60,0.38,20,46,3
5-Apr-19,49,0.55,32,49,3
6-Apr-19,45,0.37,23,41,2
7-Apr-19,58,0.3,14,41,3
8-Apr-19,39,0.33,20,47,2
9-Apr-19,71,0.2,11,30,2
10-Apr-19,63,0.22,12,32,2
11-Apr-19,62,0.29,15,36,2
12-Apr-19,30,0.43,29,53,2
13-Apr-19,24,0.58,43,62,2
14-Apr-19,37,0.8,74,45,4
15-Apr-19,27,0.47,33,53,3
16-Apr-19,48,0.49,28,43,2
17-Apr-19,25,0.69,66,56,5
18-Apr-19,32,0.7,57,57,4
19-Apr-19,40,0.53,32,50,2
20-Apr-19,38,0.53,37,52,2
21-Apr-19,57,0.36,20,45,2
22-Apr-19,43,0.5,43,57,4
23-Apr-19,34,0.55,43,71,5
24-Apr-19,18,0.69,53,79,5
25-Apr-19,18,0.77,70,71,6
26-Apr-19,38,0.45,34,57,7
27-Apr-19,32,0.54,47,50,4
28-Apr-19,7,0.49,38,56,3
29-Apr-19,0,0,0,0,0
30-Apr-19,0,0,0,0,0
1-May-19,0,0,0,0,0
2-May-19,0,0,0,0,0
3-May-19,76,0.27,11,32,3
4-May-19,48,0.26,21,49,3
5-May-19,63,0.28,18,37,2
6-May-19,62,0.2,17,32,3
7-May-19,72,0.2,11,26,3
8-May-19,53,0.28,27,41,3
9-May-19,50,0.32,30,43,3
10-May-19,49,0.3,13,34,3
11-May-19,21,0.33,28,39,3
12-May-19,20,0.39,24,36,2
13-May-19,17,0.4,26,51,3
14-May-19,17,0.43,31,49,2
15-May-19,18,0.4,26,46,3
16-May-19,21,0.34,26,40,3
17-May-19,18,0.5,34,57,4
18-May-19,19,0.46,39,44,5
19-May-19,24,0.38,21,43,2
20-May-19,19,0.4,24,55,4
21-May-19,19,0.43,37,50,8
22-May-19,13,0.55,48,66,7
23-May-19,24,0.36,24,47,8
24-May-19,28,0.28,16,37,4
25-May-19,28,0.26,15,36,4
26-May-19,25,0.32,19,47,7
27-May-19,14,0.59,43,69,7
28-May-19,18,0.48,42,49,6
29-May-19,21,0.29,19,38,4
30-May-19,20,0.38,28,46,5
31-May-19,16,0.49,48,54,6
1-Jun-19,27,0.22,15,36,4
2-Jun-19,28,0.15,11,29,5
3-Jun-19,27,0.2,16,34,5
4-Jun-19,29,0.27,15,33,4
5-Jun-19,27,0.25,17,35,3
6-Jun-19,25,0.31,20,43,5
7-Jun-19,21,0.45,33,53,4
8-Jun-19,15,0.58,47,61,4
9-Jun-19,15,0.45,37,50,4
10-Jun-19,21,0.36,27,41,2
11-Jun-19,21,0.38,17,43,2
12-Jun-19,16,0.45,30,50,3
13-Jun-19,20,0.39,25,51,4
14-Jun-19,15,0.55,43,66,7
15-Jun-19,16,0.47,30,53,3
16-Jun-19,20,0.23,16,35,2
17-Jun-19,22,0.28,14,44,3
18-Jun-19,18,0.5,23,57,3
19-Jun-19,17,0.5,26,60,4
20-Jun-19,21,0.44,25,53,4
21-Jun-19,21,0.5,30,59,4
22-Jun-19,13,0.61,37,62,3
23-Jun-19,18,0.33,20,47,3
24-Jun-19,19,0.39,25,59,4
25-Jun-19,21,0.4,20,40,2
26-Jun-19,20,0.4,23,36,2
27-Jun-19,21,0.45,24,39,2
28-Jun-19,22,0.46,25,55,2
29-Jun-19,18,0.31,22,37,2
30-Jun-19,19,0.19,16,24,3
1-Jul-19,20,0.34,24,35,2
2-Jul-19,24,0.34,20,45,2
3-Jul-19,21,0.34,31,57,4
4-Jul-19,17,0.57,43,67,4
5-Jul-19,21,0.42,35,54,3
6-Jul-19,19,0.28,25,53,2
7-Jul-19,22,0.27,18,43,4
8-Jul-19,20,0.36,26,53,5
9-Jul-19,21,0.38,28,54,3
10-Jul-19,23,0.27,19,46,4
11-Jul-19,21,0.38,21,35,2
12-Jul-19,23,0.26,17,35,2
13-Jul-19,27,0.21,13,32,3
14-Jul-19,20,0.2,13,24,2
15-Jul-19,21,0.23,14,31,2
16-Jul-19,23,0.32,17,34,3
17-Jul-19,21,0.37,21,36,2
18-Jul-19,22,0.43,26,49,2
19-Jul-19,19,0.54,40,57,3
20-Jul-19,19,0.33,22,43,2
21-Jul-19,18,0.28,20,42,2
22-Jul-19,23,0.41,27,52,2
23-Jul-19,22,0.48,28,57,2
24-Jul-19,20,0.43,22,44,2
25-Jul-19,34,0.45,31,43,2
26-Jul-19,41,0.61,34,55,2
27-Jul-19,57,0.4,26,51,3
28-Jul-19,68,0.36,21,49,4
29-Jul-19,52,0.31,18,39,7
30-Jul-19,50,0.3,20,39,5
31-Jul-19,40,0.45,22,51,2
1-Aug-19,32,0.61,34,59,3
2-Aug-19,51,0.5,25,55,2
3-Aug-19,58,0.32,16,47,3
4-Aug-19,65,0.25,13,32,3
5-Aug-19,61,0.44,24,40,2
6-Aug-19,52,0.49,30,48,2
7-Aug-19,44,0.45,48,59,2
8-Aug-19,53,0.47,26,58,3
9-Aug-19,28,0.6,54,68,3
10-Aug-19,50,0.4,29,52,2
11-Aug-19,67,0.29,20,37,2
12-Aug-19,67,0.31,20,38,2
13-Aug-19,68,0.42,20,43,2
14-Aug-19,71,0.29,14,35,2
15-Aug-19,65,0.24,12,33,2
16-Aug-19,61,0.27,15,38,2
17-Aug-19,60,0.24,15,31,2
18-Aug-19,66,0.28,16,30,2
19-Aug-19,53,0.37,33,47,2
20-Aug-19,52,0.36,41,46,2
21-Aug-19,49,0.35,39,46,2
22-Aug-19,58,0.38,26,47,2
23-Aug-19,66,0.38,28,45,2
24-Aug-19,57,0.34,29,50,2
25-Aug-19,66,0.27,16,36,2
26-Aug-19,61,0.37,19,43,3
27-Aug-19,53,0.4,27,46,2
28-Aug-19,52,0.4,36,47,2
29-Aug-19,53,0.44,29,50,2
30-Aug-19,47,0.55,35,53,2
31-Aug-19,53,0.36,27,44,2
1-Sep-19,56,0.29,17,36,2
2-Sep-19,41,0.49,28,54,2
3-Sep-19,32,0.63,51,66,3
4-Sep-19,48,0.49,54,63,3
5-Sep-19,61,0.46,22,44,2
6-Sep-19,57,0.45,22,46,2
7-Sep-19,54,0.52,24,44,2
8-Sep-19,51,0.45,23,51,2
9-Sep-19,48,0.44,26,51,2
10-Sep-19,45,0.51,38,52,2
11-Sep-19,47,0.41,21,45,2
12-Sep-19,41,0.47,29,49,2
13-Sep-19,50,0.39,23,39,2
14-Sep-19,67,0.4,23,44,2
15-Sep-19,69,0.31,19,37,2
16-Sep-19,51,0.53,23,47,2
17-Sep-19,41,0.57,58,59,4
18-Sep-19,40,0.52,43,51,4
19-Sep-19,41,0.56,47,55,4
20-Sep-19,32,0.46,27,46,3
21-Sep-19,48,0.34,21,32,3
22-Sep-19,47,0.3,17,36,3
23-Sep-19,39,0.48,54,45,5
24-Sep-19,21,0.51,35,45,4
25-Sep-19,28,0.46,26,43,3
26-Sep-19,31,0.52,46,40,4
27-Sep-19,21,0.66,57,48,5
28-Sep-19,33,0.56,43,49,5
29-Sep-19,46,0.51,40,47,5
30-Sep-19,32,0.61,60,54,6
1-Oct-19,27,0.6,62,52,6
2-Oct-19,31,0.62,56,43,5
3-Oct-19,20,0.45,31,41,4
4-Oct-19,25,0.35,24,27,3
5-Oct-19,41,0.25,15,22,4
6-Oct-19,41,0.27,12,21,5
7-Oct-19,39,0.34,13,17,3
8-Oct-19,32,0.37,14,14,3
9-Oct-19,33,0.4,20,18,4
10-Oct-19,24,0.66,35,22,5
11-Oct-19,9,0.85,37,28,7
12-Oct-19,21,0.55,20,23,4
13-Oct-19,30,0.51,17,21,5
14-Oct-19,24,0.8,44,30,7
15-Oct-19,20,0.84,46,33,9
16-Oct-19,22,0.7,43,29,8
17-Oct-19,26,0.57,30,26,6
18-Oct-19,31,0.58,37,22,7
19-Oct-19,29,0.58,35,23,9
20-Oct-19,24,0.57,21,21,6
21-Oct-19,14,0.84,59,27,12
22-Oct-19,40,0.46,23,21,8
23-Oct-19,36,0.42,15,20,5
24-Oct-19,26,0.64,22,26,6
25-Oct-19,16,0.95,64,34,10
26-Oct-19,20,0.63,31,30,7
27-Oct-19,22,0.66,34,31,7
28-Oct-19,40,0.38,17,25,5
29-Oct-19,27,0.69,36,26,6
30-Oct-19,21,0.83,46,30,8
31-Oct-19,12,0.67,42,27,6
1-Nov-19,21,0.55,30,19,7
2-Nov-19,18,0.58,31,26,6
3-Nov-19,26,0.58,36,23,6
4-Nov-19,36,0.32,19,15,4
5-Nov-19,18,0.66,43,18,7
6-Nov-19,20,0.48,26,19,5
7-Nov-19,28,0.4,20,14,4
8-Nov-19,26,0.43,21,18,4
9-Nov-19,25,0.74,37,17,7
10-Nov-19,45,0.2,8,10,3
11-Nov-19,9,0.85,42,22,7
12-Nov-19,14,0.72,35,25,8
13-Nov-19,15,0.41,22,20,4
14-Nov-19,17,0.68,35,20,7
15-Nov-19,11,1.31,72,20,11
16-Nov-19,8,1.04,55,22,11
17-Nov-19,21,0.61,26,18,6
18-Nov-19,18,0.7,38,19,7
19-Nov-19,13,0.85,32,24,6
20-Nov-19,30,0.66,31,23,6
21-Nov-19,44,0.34,12,16,3
22-Nov-19,18,0.86,40,22,3
23-Nov-19,16,0.89,39,23,3
24-Nov-19,23,0.58,23,18,2
25-Nov-19,31,0.68,25,21,3
26-Nov-19,9,1.03,41,21,3
27-Nov-19,12,1.08,53,23,4
28-Nov-19,22,0.95,48,17,4
29-Nov-19,43,0.31,11,16,2
30-Nov-19,32,0.38,11,20,3
1-Dec-19,26,0.54,16,20,2
2-Dec-19,17,0.75,35,27,3
3-Dec-19,10,1.23,72,28,5
4-Dec-19,13,0.76,40,19,3
5-Dec-19,24,0.54,19,22,2
6-Dec-19,17,0.78,41,23,4
7-Dec-19,6,1.18,71,24,4
8-Dec-19,11,0.99,54,25,4
9-Dec-19,11,1.23,73,26,5
10-Dec-19,12,0.58,24,25,3
11-Dec-19,12,0.7,32,26,3
12-Dec-19,13,0.94,44,22,3
13-Dec-19,8,1.19,72,24,6
14-Dec-19,25,0.62,26,21,3
15-Dec-19,8,1.11,58,23,4
16-Dec-19,7,1.81,112,21,7
17-Dec-19,7,1.95,116,23,8
18-Dec-19,7,2,112,20,8
19-Dec-19,8,1.36,76,25,5
20-Dec-19,20,0.69,33,23,3
21-Dec-19,13,0.83,39,23,5
22-Dec-19,55,0.21,7,9,2
23-Dec-19,24,0.51,17,21,2
24-Dec-19,14,0.58,26,21,3
25-Dec-19,26,0.34,14,18,4
26-Dec-19,30,0.38,14,19,3
27-Dec-19,12,0.67,32,29,3
28-Dec-19,25,0.43,21,25,3
29-Dec-19,22,0.35,23,21,2
30-Dec-19,10,0.35,24,18,2
31-Dec-19,16,0.54,28,23,3
1-Jan-20,9,0.99,67,30,4
2-Jan-20,30,0.28,16,22,2
3-Jan-20,22,0.45,20,31,2
4-Jan-20,5,0.92,79,49,5
5-Jan-20,11,0.63,38,29,3
6-Jan-20,29,0.25,13,16,2
7-Jan-20,23,0.33,14,23,2
8-Jan-20,22,0.42,19,29,2
9-Jan-20,18,0.6,34,35,3
10-Jan-20,6,1.57,123,48,8
11-Jan-20,7,1.68,140,41,7
12-Jan-20,8,1,64,33,4
13-Jan-20,5,0.8,48,31,3
14-Jan-20,6,1.14,87,30,6
15-Jan-20,5,0.74,48,29,4
16-Jan-20,13,0.54,24,32,3
17-Jan-20,24,0.45,16,25,2
18-Jan-20,18,0.41,19,24,2
19-Jan-20,22,0.35,15,22,2
20-Jan-20,19,0.44,20,25,2
21-Jan-20,21,0.48,19,24,3
22-Jan-20,7,1.18,93,44,8
23-Jan-20,10,1.33,111,35,7
24-Jan-20,18,0.77,48,34,5
25-Jan-20,10,1.25,100,32,6
26-Jan-20,5,1.42,101,29,5
27-Jan-20,8,0.66,36,26,3
28-Jan-20,13,0.64,41,29,3
29-Jan-20,22,0.45,14,26,2
30-Jan-20,23,0.44,12,22,2
31-Jan-20,32,0.55,34,25,3
1-Feb-20,13,1.03,63,35,6
2-Feb-20,14,0.84,47,28,3
3-Feb-20,12,0.57,35,24,3
4-Feb-20,13,0.73,45,25,3
5-Feb-20,30,0.29,10,17,2
6-Feb-20,22,0.42,15,20,2
7-Feb-20,34,0.39,13,24,3
8-Feb-20,21,0.47,19,30,2
9-Feb-20,18,0.77,48,35,4
10-Feb-20,16,0.83,74,27,4
11-Feb-20,30,0.34,12,22,2
12-Feb-20,9,0.77,41,31,3
13-Feb-20,10,0.67,24,28,2
14-Feb-20,15,0.73,49,24,4
15-Feb-20,10,0.48,20,22,2
16-Feb-20,16,0.38,12,21,2
17-Feb-20,21,0.64,26,28,3
18-Feb-20,19,0.93,58,32,5
19-Feb-20,23,0.87,57,30,4
20-Feb-20,21,0.47,18,28,2
21-Feb-20,28,0.4,13,22,2
22-Feb-20,19,0.56,30,30,3
23-Feb-20,25,0.45,23,26,3
24-Feb-20,14,1.19,87,33,6
25-Feb-20,22,0.54,25,31,3
26-Feb-20,25,0.45,20,28,3
27-Feb-20,47,0.2,7,12,2
28-Feb-20,42,0.34,15,23,3
29-Feb-20,37,0.36,13,21,2
1-Mar-20,29,0.64,39,31,4
2-Mar-20,28,0.52,25,30,3
3-Mar-20,39,0.45,23,19,3
4-Mar-20,42,0.28,10,19,2
5-Mar-20,22,0.5,23,28,4
6-Mar-20,25,0.58,32,26,3
7-Mar-20,32,0.42,20,24,2
8-Mar-20,40,0.25,9,15,2
9-Mar-20,25,0.3,12,25,2
10-Mar-20,31,0.36,16,26,3
11-Mar-20,13,0.89,43,31,4
12-Mar-20,11,0.71,28,28,3
13-Mar-20,9,0.75,36,27,3
14-Mar-20,7,0.73,41,27,3
15-Mar-20,8,0.34,14,17,2
16-Mar-20,30,0.25,10,13,2
17-Mar-20,41,0.31,12,19,3
18-Mar-20,28,0.4,23,23,3
19-Mar-20,50,0.23,7,16,2
20-Mar-20,19,0.48,27,30,3
21-Mar-20,44,0.4,17,28,3
22-Mar-20,53,0.23,6,17,2
23-Mar-20,28,0.25,8,19,2
24-Mar-20,28,0.18,7,12,2
25-Mar-20,40,0.1,5,5,2
26-Mar-20,28,0.17,7,8,2
27-Mar-20,30,0.18,6,12,2
28-Mar-20,38,0.18,8,12,2
29-Mar-20,35,0.23,7,14,2
30-Mar-20,22,0.38,21,17,3
31-Mar-20,44,0.23,7,14,2
1-Apr-20,57,0.17,5,12,2
2-Apr-20,59,0.18,5,10,2
3-Apr-20,50,0.2,6,13,2
4-Apr-20,44,0.18,5,9,2
5-Apr-20,46,0.1,5,7,2
6-Apr-20,57,0.18,6,12,2
7-Apr-20,53,0.15,7,11,2
8-Apr-20,63,0.15,5,9,2
9-Apr-20,63,0.18,6,14,2
10-Apr-20,33,0.31,10,23,2
11-Apr-20,31,0.34,14,25,3
12-Apr-20,24,0.26,8,17,2
13-Apr-20,50,0.25,14,24,2
14-Apr-20,60,0.24,13,19,4
15-Apr-20,46,0.22,9,15,2
16-Apr-20,53,0.17,6,10,2
17-Apr-20,52,0.2,7,16,4
18-Apr-20,35,0.22,9,17,3
19-Apr-20,38,0.21,6,11,2
20-Apr-20,43,0.12,5,9,2
21-Apr-20,26,0.19,5,8,2
22-Apr-20,41,0.17,5,7,2
23-Apr-20,54,0.18,6,9,2
24-Apr-20,53,0.17,5,10,2
25-Apr-20,39,0.22,8,17,3
26-Apr-20,48,0.12,5,11,2
27-Apr-20,28,0.25,15,17,2
28-Apr-20,24,0.23,11,20,2
29-Apr-20,28,0.2,9,17,2
30-Apr-20,23,0.14,5,10,2
1-May-20,29,0.11,5,10,2
2-May-20,34,0.13,6,10,2
3-May-20,26,0.1,5,6,2
4-May-20,28,0.25,7,12,2
5-May-20,45,0.21,7,13,2
6-May-20,34,0.26,8,17,2
7-May-20,31,0.25,7,13,2
8-May-20,33,0.25,7,15,2
9-May-20,39,0.25,9,20,2
10-May-20,23,0.31,8,21,2
11-May-20,13,0.31,8,14,2
12-May-20,4,0.33,9,14,2
13-May-20,6,0.52,24,20,3
14-May-20,5,0.58,20,26,2
15-May-20,3,0.81,34,24,3
16-May-20,3,0.83,34,19,3
17-May-20,3,0.51,13,16,2
18-May-20,3,0.52,18,19,2
19-May-20,3,0.39,11,17,2
20-May-20,0,0.31,10,11,0
21-May-20,0,0.24,6,8,0
22-May-20,7,0.35,6,8,0
23-May-20,24,0.29,7,15,0
24-May-20,50,0.23,6,14,0
25-May-20,8,0.39,7,14,2
26-May-20,17,0.33,7,11,2
27-May-20,27,0.3,7,14,2
28-May-20,24,0.41,11,19,2
29-May-20,14,0.48,18,22,2
30-May-20,31,0.45,17,19,3
31-May-20,32,0.33,10,18,2
1-Jun-20,17,0.35,10,18,2
2-Jun-20,21,0.32,10,16,2
3-Jun-20,15,0.31,10,14,2
4-Jun-20,12,0.42,19,15,2
5-Jun-20,16,0.39,12,17,2
6-Jun-20,16,0.28,8,12,2
7-Jun-20,15,0.23,7,12,2
8-Jun-20,10,0.3,9,13,2
9-Jun-20,6,0.35,12,12,2
10-Jun-20,6,0.31,11,12,0
11-Jun-20,8,0.23,7,11,0
12-Jun-20,13,0.25,6,13,0
13-Jun-20,22,0.24,7,14,0
14-Jun-20,18,0.22,7,13,0
15-Jun-20,12,0.29,8,14,2
16-Jun-20,17,0.27,8,13,2
17-Jun-20,13,0.22,6,10,2
18-Jun-20,8,0.23,6,9,0
19-Jun-20,5,0.24,7,10,0
20-Jun-20,6,0.32,10,17,0
21-Jun-20,7,0.34,11,16,0
22-Jun-20,13,0.25,7,10,0
23-Jun-20,15,0.26,11,13,3
24-Jun-20,10,0.31,9,11,2
25-Jun-20,5,0.29,9,9,2
26-Jun-20,4,0.27,6,7,4
27-Jun-20,5,0.25,6,7,3
28-Jun-20,8,0.23,6,10,5
29-Jun-20,4,0.43,13,16,0
30-Jun-20,3,0.45,17,16,2
1-Jul-20,4,0.4,19,16,7
2-Jul-20,4,0.23,7,8,14
3-Jul-20,25,0.32,14,19,0
4-Jul-20,59,0.31,10,19,0
5-Jul-20,62,0.25,7,14,0
6-Jul-20,75,0.27,7,13,0
7-Jul-20,60,0.37,8,17,0
8-Jul-20,18,0.32,7,10,0
9-Jul-20,9,0.25,6,7,0
10-Jul-20,15,0.25,6,9,0
11-Jul-20,18,0.3,7,11,0
12-Jul-20,14,0.29,9,11,0
13-Jul-20,11,0.3,6,10,0
14-Jul-20,7,0.21,5,6,0
15-Jul-20,19,0.33,6,10,0
16-Jul-20,33,0.44,11,18,0
17-Jul-20,14,0.4,7,14,0
18-Jul-20,18,0.36,8,14,0
19-Jul-20,38,0.35,8,16,0
20-Jul-20,28,0.42,10,19,0
21-Jul-20,10,0.35,8,12,0
22-Jul-20,9,0.28,6,8,0
23-Jul-20,17,0.28,6,10,0
24-Jul-20,19,0.31,6,12,0
25-Jul-20,23,0.33,8,16,0
26-Jul-20,46,0.3,8,18,0
27-Jul-20,13,0.38,9,16,0
28-Jul-20,15,0.3,7,11,0
29-Jul-20,14,0.25,5,9,0
30-Jul-20,15,0.31,7,12,0
31-Jul-20,13,0.43,11,17,0
1-Aug-20,14,0.62,20,23,0
2-Aug-20,16,0.23,5,8,0
3-Aug-20,17,0.25,6,10,0
4-Aug-20,36,0.42,9,18,0
5-Aug-20,14,0.46,10,18,0
6-Aug-20,13,0.41,7,12,0
7-Aug-20,18,0.42,7,14,0
8-Aug-20,14,0.42,8,14,0
9-Aug-20,10,0.38,6,7,0
10-Aug-20,7,0.33,7,9,0
11-Aug-20,8,0.44,13,15,0
12-Aug-20,4,0.51,15,11,0
13-Aug-20,7,0.38,10,12,0
14-Aug-20,15,0.3,7,10,0
15-Aug-20,24,0.29,6,11,0
16-Aug-20,20,0.22,5,9,0
17-Aug-20,12,0.23,5,6,0
18-Aug-20,44,0.32,9,14,0
19-Aug-20,45,0.29,8,15,0
20-Aug-20,16,0.33,9,17,0
21-Aug-20,21,0.25,6,12,0
22-Aug-20,16,0.31,8,15,0
23-Aug-20,15,0.31,8,13,0
24-Aug-20,19,0.33,6,12,0
25-Aug-20,26,0.4,11,16,0
26-Aug-20,19,0.38,6,12,0
27-Aug-20,21,0.45,12,18,0
28-Aug-20,9,0.39,13,16,0
29-Aug-20,16,0.56,18,23,0
30-Aug-20,30,0.35,8,19,0
31-Aug-20,7,0.53,18,18,0
1-Sep-20,27,0.74,27,25,0
2-Sep-20,17,0.47,10,17,0
3-Sep-20,28,0.54,15,22,0
4-Sep-20,11,0.49,16,19,0
5-Sep-20,12,0.21,5,7,0
6-Sep-20,20,0.27,7,13,0
7-Sep-20,14,0.48,12,20,0
8-Sep-20,8,0.54,18,20,0
9-Sep-20,10,0.26,5,7,0
10-Sep-20,12,0.28,5,9,0
11-Sep-20,19,0.39,9,14,0
12-Sep-20,30,0.34,7,14,0
13-Sep-20,25,0.25,6,10,0
14-Sep-20,11,0.28,5,7,0
15-Sep-20,12,0.36,6,9,0
16-Sep-20,15,0.38,9,12,0
17-Sep-20,25,0.47,11,15,0
18-Sep-20,29,0.38,8,12,0
19-Sep-20,20,0.4,11,13,0
20-Sep-20,36,0.34,9,13,0
21-Sep-20,23,0.41,9,14,0
22-Sep-20,25,0.42,9,17,0
23-Sep-20,24,0.61,18,20,0
24-Sep-20,14,0.52,14,16,0
25-Sep-20,25,0.53,16,19,0
26-Sep-20,29,0.45,12,16,0
27-Sep-20,55,0.25,7,13,0
28-Sep-20,21,0.52,14,17,0
29-Sep-20,21,0.36,8,12,0
30-Sep-20,32,0.39,8,15,0
1-Oct-20,36,0.45,11,18,0
2-Oct-20,28,0.73,25,23,0
3-Oct-20,28,0.55,13,20,0
4-Oct-20,23,0.61,15,18,0
5-Oct-20,10,0.66,15,15,0
6-Oct-20,8,0.83,19,17,0
7-Oct-20,8,0.94,26,19,0
8-Oct-20,15,0.4,9,14,0
9-Oct-20,26,0.51,12,18,0
10-Oct-20,36,0.62,18,22,0
11-Oct-20,35,0.6,16,20,0
12-Oct-20,12,0.63,19,15,0
13-Oct-20,27,0.33,8,12,0
14-Oct-20,30,0.54,14,19,0
15-Oct-20,21,0.75,27,20,0
16-Oct-20,26,0.6,19,17,0
17-Oct-20,17,0.62,16,20,0
18-Oct-20,31,0.44,12,17,0
19-Oct-20,17,0.53,13,17,0
20-Oct-20,20,0.48,9,13,0
21-Oct-20,26,0.44,10,15,0
22-Oct-20,14,0.53,16,18,0
23-Oct-20,6,1.2,46,23,0
24-Oct-20,9,1.35,59,24,0
25-Oct-20,19,0.75,23,18,0
26-Oct-20,19,0.78,29,25,0
27-Oct-20,22,0.88,36,24,0
28-Oct-20,33,0.46,15,18,0
29-Oct-20,17,0.7,18,16,0
30-Oct-20,5,1.29,49,17,0
31-Oct-20,12,0.69,23,20,0
1-Nov-20,6,0.77,26,17,0
2-Nov-20,9,1.26,52,28,0
3-Nov-20,5,1.5,68,25,0
4-Nov-20,5,0.85,35,13,0
5-Nov-20,10,0.55,11,13,0
6-Nov-20,14,0.71,16,13,0
7-Nov-20,36,0.24,7,10,0
8-Nov-20,39,0.21,6,7,0
9-Nov-20,16,0.42,16,12,0
10-Nov-20,21,0.31,8,9,0
11-Nov-20,16,0.33,8,9,0
12-Nov-20,17,0.41,13,17,0
13-Nov-20,22,0.53,24,20,0
14-Nov-20,18,0.43,12,15,0
15-Nov-20,31,0.39,8,15,0
16-Nov-20,18,0.72,29,23,0
17-Nov-20,17,0.68,28,20,0
18-Nov-20,23,0.48,20,18,0
19-Nov-20,36,0.32,9,12,0
20-Nov-20,35,0.33,11,16,0
21-Nov-20,43,0.24,8,12,0
22-Nov-20,40,0.22,6,8,0
23-Nov-20,23,0.48,18,21,0
24-Nov-20,18,0.53,25,18,0
25-Nov-20,32,0.44,11,16,0
26-Nov-20,31,0.38,11,18,0
27-Nov-20,20,0.86,41,28,0
28-Nov-20,26,0.91,37,23,0
29-Nov-20,43,0.41,9,16,0
30-Nov-20,14,0.7,27,22,0
1-Dec-20,25,0.5,12,13,0
2-Dec-20,30,0.4,10,15,0
3-Dec-20,22,0.48,16,19,0
4-Dec-20,23,0.55,20,21,0
5-Dec-20,15,0.75,30,21,0
6-Dec-20,20,0.6,14,18,0
7-Dec-20,33,0.33,10,19,0
8-Dec-20,22,0.76,34,21,0
9-Dec-20,37,0.46,19,13,0
10-Dec-20,41,0.25,9,14,0
11-Dec-20,26,0.6,29,21,0
12-Dec-20,28,0.5,21,17,0
13-Dec-20,32,0.3,9,13,0
14-Dec-20,22,0.32,10,13,0
15-Dec-20,14,0.53,17,16,0
16-Dec-20,9,0.66,27,20,0
17-Dec-20,12,0.83,38,20,0
18-Dec-20,3,0.86,39,19,0
19-Dec-20,17,0.46,11,18,0
20-Dec-20,27,0.3,7,12,0
21-Dec-20,23,0.43,12,16,0
22-Dec-20,16,0.55,18,18,0
23-Dec-20,5,1.25,68,22,0
24-Dec-20,16,1.03,57,16,0
25-Dec-20,31,0.4,14,12,0
26-Dec-20,28,0.53,18,12,0
27-Dec-20,51,0.15,5,6,0
28-Dec-20,40,0.26,12,14,0
29-Dec-20,51,0.24,6,11,0
30-Dec-20,52,0.2,6,9,0
31-Dec-20,41,0.3,9,12,0
1-Jan-21,28,0.49,22,16,0
2-Jan-21,12,0.73,21,21,0
3-Jan-21,34,0.31,10,12,0
4-Jan-21,39,0.26,8,14,0
5-Jan-21,28,0.65,29,19,0
6-Jan-21,18,0.72,24,17,0
7-Jan-21,12,0.86,41,24,0
8-Jan-21,31,0.42,16,16,0
9-Jan-21,27,0.64,22,13,0
10-Jan-21,15,0.63,21,12,0
11-Jan-21,28,0.24,7,10,0
12-Jan-21,22,0.28,9,12,0
13-Jan-21,26,0.33,11,16,0
14-Jan-21,27,0.41,10,18,0
15-Jan-21,26,0.41,11,17,0
16-Jan-21,30,0.29,8,13,0
17-Jan-21,40,0.27,6,12,0
18-Jan-21,26,0.45,14,22,0
19-Jan-21,17,0.63,29,32,0
20-Jan-21,14,0.98,65,37,0
21-Jan-21,11,1.46,91,36,0
22-Jan-21,13,1.2,69,27,0
23-Jan-21,46,0.22,6,9,0
24-Jan-21,35,0.28,11,14,0
25-Jan-21,40,0.27,7,13,0
26-Jan-21,33,0.28,7,15,0
27-Jan-21,29,0.31,8,15,0
28-Jan-21,23,0.62,22,26,0
29-Jan-21,14,1.13,52,30,0
30-Jan-21,12,0.86,40,26,0
31-Jan-21,26,0.64,27,16,0
1-Feb-21,22,0.48,19,22,0
2-Feb-21,15,0.85,43,23,0
3-Feb-21,8,1.07,55,27,0
4-Feb-21,14,0.58,17,23,0
5-Feb-21,9,1.02,50,29,0
6-Feb-21,13,0.76,28,23,0
7-Feb-21,24,0.45,15,18,0
8-Feb-21,37,0.23,8,10,0
9-Feb-21,28,0.41,19,18,0
10-Feb-21,22,0.48,15,22,0
11-Feb-21,29,0.3,9,15,0
12-Feb-21,27,0.48,20,21,0
13-Feb-21,34,0.33,7,13,0
14-Feb-21,37,0.25,6,10,0
15-Feb-21,37,0.28,9,16,0
16-Feb-21,42,0.22,5,12,0
17-Feb-21,30,0.6,34,28,0
18-Feb-21,11,1.3,73,38,0
19-Feb-21,11,1.29,78,40,0
20-Feb-21,12,1.03,44,33,0
21-Feb-21,32,0.36,7,17,0
22-Feb-21,16,0.84,42,31,0
23-Feb-21,9,1.39,76,38,0
24-Feb-21,8,1.11,57,28,0
25-Feb-21,29,0.45,10,20,0
26-Feb-21,20,0.64,21,26,0
27-Feb-21,18,0.73,26,32,0
28-Feb-21,25,0.46,11,16,0
1-Mar-21,27,0.4,14,20,0
2-Mar-21,30,0.36,10,16,0
3-Mar-21,20,0.46,13,22,0
4-Mar-21,21,0.7,32,33,0
5-Mar-21,21,0.66,25,32,0
6-Mar-21,35,0.32,8,20,0
7-Mar-21,36,0.25,6,10,0
8-Mar-21,32,0.33,8,17,0
9-Mar-21,36,0.32,12,29,0
10-Mar-21,21,0.34,25,37,0
11-Mar-21,0,0.16,10,19,0
12-Mar-21,0,0.26,18,27,0
13-Mar-21,0,0.42,28,37,0
14-Mar-21,0,0.25,12,28,0
15-Mar-21,0,0.11,7,12,0
16-Mar-21,0,0.11,7,12,0
17-Mar-21,0,0.12,10,19,0
18-Mar-21,0,0.13,12,22,0
19-Mar-21,0,0.19,13,29,0
20-Mar-21,0,0.25,14,30,0
21-Mar-21,0,0.22,9,20,0
22-Mar-21,0,0.13,8,18,0
23-Mar-21,0,0.22,13,20,0
24-Mar-21,67,0.17,10,17,0
25-Mar-21,77,0.12,6,11,0
26-Mar-21,49,0.35,31,40,0
27-Mar-21,53,0.42,33,43,0
28-Mar-21,53,0.37,21,41,0
29-Mar-21,46,0.45,47,45,0
30-Mar-21,73,0.23,13,25,0
31-Mar-21,68,0.21,13,24,0
1-Apr-21,51,0.38,20,36,0
2-Apr-21,42,0.53,53,43,0
3-Apr-21,61,0.23,15,31,0
4-Apr-21,79,0.15,7,15,0
5-Apr-21,32,0.33,23,28,0
6-Apr-21,57,0.2,13,20,0
7-Apr-21,88,0.13,7,13,0
8-Apr-21,70,0.18,11,20,0
9-Apr-21,65,0.26,14,25,0
10-Apr-21,66,0.22,13,29,0
11-Apr-21,66,0.2,12,29,0
12-Apr-21,58,0.31,32,39,0
13-Apr-21,53,0.3,27,41,0
14-Apr-21,54,0.3,24,36,0
15-Apr-21,67,0.2,21,27,0
16-Apr-21,65,0.28,11,23,0
17-Apr-21,63,0.28,11,21,0
18-Apr-21,45,0.22,10,27,0
19-Apr-21,56,0.23,18,27,0
20-Apr-21,95,0.12,7,15,0
21-Apr-21,81,0.14,9,23,0
22-Apr-21,69,0.21,22,30,0
23-Apr-21,60,0.28,19,40,0
24-Apr-21,61,0.23,14,22,0
25-Apr-21,70,0.16,8,16,0
26-Apr-21,53,0.3,23,38,0
27-Apr-21,63,0.23,19,29,0
28-Apr-21,56,0.26,18,28,0
29-Apr-21,31,0.41,24,44,0
30-Apr-21,38,0.34,23,40,0
1-May-21,36,0.41,21,46,0
2-May-21,52,0.45,13,37,0
3-May-21,40,0.38,16,36,0
4-May-21,56,0.15,8,24,0
5-May-21,61,0.18,14,26,0
6-May-21,63,0.2,10,24,0
7-May-21,40,0.31,20,35,0
8-May-21,57,0.23,13,31,0
9-May-21,79,0.18,9,12,0
10-May-21,75,0.23,11,21,0
11-May-21,63,0.3,15,33,0
12-May-21,61,0.24,16,40,0
13-May-21,65,0.18,12,26,0
14-May-21,70,0.13,9,22,0
15-May-21,45,0.23,16,36,0
16-May-21,65,0.18,9,21,0
17-May-21,62,0.17,11,24,0
18-May-21,65,0.19,12,24,0
19-May-21,49,0.29,22,39,0
20-May-21,75,0.18,9,20,0
21-May-21,67,0.22,11,23,0
22-May-21,69,0.18,11,27,0
23-May-21,76,0.2,9,30,0
24-May-21,49,0.34,27,55,0
25-May-21,53,0.1,21,47,0
26-May-21,60,0.1,14,41,0
27-May-21,70,0.1,11,37,0
28-May-21,71,0.1,13,29,0
29-May-21,79,0.1,8,20,0
30-May-21,69,0.1,7,23,0
31-May-21,74,0.1,9,22,0
1-Jun-21,81,0,8,15,0
2-Jun-21,71,0,9,18,0
3-Jun-21,80,0,10,26,0
4-Jun-21,60,0,13,30,0
5-Jun-21,76,0,9,22,0
6-Jun-21,69,0,10,27,0
7-Jun-21,67,0,14,32,0
8-Jun-21,58,0,14,31,0
9-Jun-21,61,0,10,23,0
10-Jun-21,56,0,9,26,0
11-Jun-21,26,0,28,41,0
12-Jun-21,43,0,20,29,0
13-Jun-21,62,0,10,23,0
14-Jun-21,60,0,11,19,0
15-Jun-21,59,0,11,21,0
16-Jun-21,49,0,14,28,0
17-Jun-21,46,0,24,35,0
18-Jun-21,48,0,19,39,0
19-Jun-21,58,0,14,33,0
20-Jun-21,74,0,10,28,0
21-Jun-21,59,0,10,28,0
22-Jun-21,54,0,12,30,0
23-Jun-21,52,0,14,39,0
24-Jun-21,51,0,22,47,0
25-Jun-21,48,0,29,49,0
26-Jun-21,50,0,29,46,0
27-Jun-21,71,0,12,29,0
28-Jun-21,55,0,20,36,0
29-Jun-21,78,0,15,36,0
30-Jun-21,80,0,15,40,0
1-Jul-21,54,0,21,43,0
2-Jul-21,74,0,10,30,0
3-Jul-21,79,0,9,25,0
4-Jul-21,92,0,6,19,0
5-Jul-21,77,0,11,27,0
6-Jul-21,57,0,19,40,0
7-Jul-21,52,0,23,39,0
8-Jul-21,58,0,13,23,0
9-Jul-21,64,0,12,24,0
10-Jul-21,71,0,14,26,0
11-Jul-21,73,0,10,23,0
12-Jul-21,52,0,18,38,0
13-Jul-21,48,0,24,45,0
14-Jul-21,61,0,19,44,0
15-Jul-21,67,0,15,37,0
16-Jul-21,58,0,21,50,0
17-Jul-21,83,0,9,33,0
18-Jul-21,94,0,7,22,0
19-Jul-21,73,0,9,22,0
20-Jul-21,67,0,10,22,0
21-Jul-21,68,0,13,31,0
22-Jul-21,67,0,12,25,0
23-Jul-21,59,0,15,29,0
24-Jul-21,64,0,15,30,0
25-Jul-21,77,0,11,23,0
26-Jul-21,77,0,14,34,0
27-Jul-21,70,0,18,44,0
28-Jul-21,71,0,19,45,0
29-Jul-21,54,0,35,63,0
30-Jul-21,63,0,47,68,0
31-Jul-21,58,0,53,64,0
1-Aug-21,66,0,34,54,0
2-Aug-21,8,0,55,62,0
3-Aug-21,0,0,0,0,0
4-Aug-21,0,0,0,0,0
5-Aug-21,0,0,0,0,0
6-Aug-21,0,0,0,0,0
7-Aug-21,0,0,0,0,0
8-Aug-21,0,0,0,0,0
9-Aug-21,0,0,0,0,0
10-Aug-21,0,0,0,0,0
11-Aug-21,0,0,0,0,0
12-Aug-21,0,0,0,0,0
13-Aug-21,0,0,0,0,0
14-Aug-21,0,0,0,0,0
15-Aug-21,0,0,0,0,0
16-Aug-21,0,0,0,0,0
17-Aug-21,0,0,0,0,0
18-Aug-21,0,0,0,0,0
19-Aug-21,0,0,0,0,0
20-Aug-21,0,0,0,0,0
21-Aug-21,0,0,0,0,0
22-Aug-21,0,0,0,0,0
23-Aug-21,0,0,0,0,0
24-Aug-21,0,0,0,0,0
25-Aug-21,0,0,0,0,0
26-Aug-21,0,0,0,0,0
27-Aug-21,0,0,0,0,0
28-Aug-21,0,0,0,0,0
29-Aug-21,0,0,0,0,0
30-Aug-21,0,0,0,0,0
31-Aug-21,0,0,0,0,0
1-Sep-21,0,0,0,0,0
2-Sep-21,0,0,0,0,0
3-Sep-21,0,0,0,0,0
4-Sep-21,0,0,0,0,0
5-Sep-21,0,0,0,0,0
6-Sep-21,0,0,0,0,0
7-Sep-21,0,0,0,0,0
8-Sep-21,0,0,0,0,0
9-Sep-21,0,0,0,0,0
10-Sep-21,0,0,0,0,0
11-Sep-21,0,0,0,0,0
12-Sep-21,0,0,0,0,0
13-Sep-21,58,0,0,0,0
14-Sep-21,51,0,31,67,0
15-Sep-21,50,0,42,66,0
16-Sep-21,53,0,46,61,0
17-Sep-21,48,0,35,55,0
18-Sep-21,43,0,23,42,0
19-Sep-21,39,0,23,38,0
20-Sep-21,35,0,31,42,0
21-Sep-21,48,0,22,40,0
22-Sep-21,51,0,13,32,0
23-Sep-21,52,0,16,25,0
24-Sep-21,53,0,24,39,0
25-Sep-21,42,0,59,56,0
26-Sep-21,40,0,60,53,0
27-Sep-21,37,0,73,62,0
28-Sep-21,43,0,24,46,0
29-Sep-21,53,0,18,25,0
30-Sep-21,55,0,16,27,0
1-Oct-21,53,0,20,27,0
2-Oct-21,52,0,20,30,0
3-Oct-21,55,0,14,26,0
4-Oct-21,42,0,28,39,0
5-Oct-21,45,0,26,39,0
6-Oct-21,56,0,18,30,0
7-Oct-21,55,0,16,29,0
8-Oct-21,20,0,32,50,0
9-Oct-21,35,0,26,35,0
10-Oct-21,26,0,25,33,0
11-Oct-21,31,0,30,28,0
12-Oct-21,22,0,39,32,0
13-Oct-21,35,0,42,32,0
14-Oct-21,23,0,35,37,0
15-Oct-21,53,0,20,25,0
16-Oct-21,48,0,20,27,0
17-Oct-21,23,0,22,29,0
18-Oct-21,27,0,23,29,0
19-Oct-21,27,0,31,35,0
20-Oct-21,26,0,29,39,0
21-Oct-21,37,0,47,36,0
22-Oct-21,33,0,54,41,0
23-Oct-21,25,0,57,38,0
24-Oct-21,25,0,54,26,0
25-Oct-21,52,0,16,21,0
26-Oct-21,40,0,21,26,0
27-Oct-21,34,0,33,33,0
28-Oct-21,51,0,17,25,0
29-Oct-21,47,0,21,30,0
30-Oct-21,31,0,27,44,0
31-Oct-21,41,0,17,32,0
1-Nov-21,29,0,43,48,10
2-Nov-21,31,0,27,36,4
3-Nov-21,22,0,66,41,0
4-Nov-21,23,0,56,34,0
5-Nov-21,19,0.63,39,34,9
6-Nov-21,14,0.67,55,50,15
7-Nov-21,20,0.46,50,33,11
8-Nov-21,26,0.43,49,32,8
9-Nov-21,19,0.31,34,33,7
10-Nov-21,45,0.12,18,19,5
11-Nov-21,37,0.37,24,33,6
12-Nov-21,26,0.6,36,43,7
13-Nov-21,23,0.63,64,47,11
14-Nov-21,25,0.54,29,41,6
15-Nov-21,44,0.31,19,31,6
16-Nov-21,55,0.26,18,24,6
17-Nov-21,46,0.28,15,23,5
18-Nov-21,29,0.52,25,38,7
19-Nov-21,27,0.35,24,32,6
20-Nov-21,27,0.28,28,37,7
21-Nov-21,22,0.72,56,42,8
22-Nov-21,32,0.96,88,36,8
23-Nov-21,35,0.51,43,31,6
24-Nov-21,26,0.18,27,27,6
25-Nov-21,34,0.35,21,28,6
26-Nov-21,14,1.52,105,39,9
27-Nov-21,36,0.52,45,32,7
28-Nov-21,51,0.18,27,25,6
29-Nov-21,64,0.1,8,17,6
30-Nov-21,61,0.11,11,19,7
1-Dec-21,34,0.33,27,35,10
2-Dec-21,30,0.94,77,42,9
3-Dec-21,43,0.59,41,31,8
4-Dec-21,30,0.25,30,36,8
5-Dec-21,21,0.55,52,35,9
6-Dec-21,50,0.58,59,25,8
7-Dec-21,55,0.19,15,28,8
8-Dec-21,29,0.25,31,30,12
9-Dec-21,50,0.71,55,28,9
10-Dec-21,67,0.12,11,24,8
11-Dec-21,80,0.26,10,15,8
12-Dec-21,48,0.2,20,31,8
13-Dec-21,22,0.32,36,39,10
14-Dec-21,25,0.18,22,26,9
15-Dec-21,27,0.35,25,30,9
16-Dec-21,19,0.46,52,46,10
17-Dec-21,16,0.5,58,52,11
18-Dec-21,38,0.26,24,28,8
19-Dec-21,39,0.15,24,35,8
20-Dec-21,11,1.08,122,62,12
21-Dec-21,23,0.35,34,47,10
22-Dec-21,25,0.45,30,47,10
23-Dec-21,25,0.55,45,50,10
24-Dec-21,18,1.05,107,54,12
25-Dec-21,26,0.61,56,48,11
26-Dec-21,28,0.8,92,39,10
27-Dec-21,40,0.17,22,33,9
28-Dec-21,50,0.19,15,23,9
29-Dec-21,16,0.48,61,40,10
30-Dec-21,15,0.34,50,35,10
31-Dec-21,26,0.46,37,32,10