DAY,O3,CO,NO,NO2
1-Jan-18,22,1.26,40,35
2-Jan-18,31,0.51,25,35
3-Jan-18,24,0.70,25,34
4-Jan-18,35,0.58,20,30
5-Jan-18,24,1.10,64,45
6-Jan-18,19,1.30,62,37
7-Jan-18,18,1.11,49,36
8-Jan-18,15,1.01,54,40
9-Jan-18,18,0.53,22,33
10-Jan-18,11,0.66,17,37
11-Jan-18,17,0.58,22,36
12-Jan-18,24,0.68,33,37
13-Jan-18,45,0.41,6,25
14-Jan-18,50,0.37,3,11
15-Jan-18,23,0.66,21,34
16-Jan-18,23,1.01,64,41
17-Jan-18,31,0.50,26,38
18-Jan-18,62,0.43,4,16
19-Jan-18,24,1.19,60,50
20-Jan-18,37,0.46,30,35
21-Jan-18,45,0.27,8,24
22-Jan-18,34,0.50,8,29
23-Jan-18,42,0.64,19,27
24-Jan-18,66,0.44,3,14
25-Jan-18,58,0.55,4,20
26-Jan-18,41,0.59,11,33
27-Jan-18,29,0.73,19,36
28-Jan-18,23,0.79,23,37
29-Jan-18,14,1.49,89,54
30-Jan-18,13,1.24,81,51
31-Jan-18,15,1.47,89,56
1-Feb-18,24,1.10,61,46
2-Feb-18,25,0.83,47,42
3-Feb-18,52,0.14,4,19
4-Feb-18,60,0.22,3,17
5-Feb-18,37,0.84,33,28
6-Feb-18,50,0.63,6,29
7-Feb-18,36,0.73,23,39
8-Feb-18,40,0.42,9,34
9-Feb-18,25,0.75,28,46
10-Feb-18,47,0.33,7,26
11-Feb-18,60,0.25,4,18
12-Feb-18,44,0.62,16,34
13-Feb-18,40,0.00,25,41
14-Feb-18,54,0.00,6,31
15-Feb-18,33,0.00,12,45
16-Feb-18,49,0.00,5,24
17-Feb-18,40,0.00,30,36
18-Feb-18,52,0.00,5,31
19-Feb-18,62,0.00,2,19
20-Feb-18,53,0.00,3,25
21-Feb-18,29,0.00,17,43
22-Feb-18,33,0.00,35,37
23-Feb-18,38,0.00,11,33
24-Feb-18,54,0.00,4,24
25-Feb-18,49,0.00,3,23
26-Feb-18,62,0.00,8,27
27-Feb-18,53,0.00,22,30
28-Feb-18,70,0.00,3,25
1-Mar-18,53,0.00,8,40
2-Mar-18,72,0.00,3,28
3-Mar-18,43,0.00,20,37
4-Mar-18,38,0.00,14,39
5-Mar-18,38,0.00,32,35
6-Mar-18,56,0.00,8,22
7-Mar-18,64,0.00,12,19
8-Mar-18,74,0.00,3,14
9-Mar-18,44,0.00,9,29
10-Mar-18,47,0.00,7,25
11-Mar-18,46,0.00,8,24
12-Mar-18,48,0.00,10,19
13-Mar-18,77,0.26,3,10
14-Mar-18,73,0.28,3,13
15-Mar-18,60,0.34,4,19
16-Mar-18,31,0.55,11,31
17-Mar-18,53,0.53,11,21
18-Mar-18,62,0.35,4,15
19-Mar-18,55,0.35,5,20
20-Mar-18,64,0.32,4,18
21-Mar-18,53,0.46,8,19
22-Mar-18,71,0.31,3,14
23-Mar-18,76,0.31,4,14
24-Mar-18,86,0.25,2,10
25-Mar-18,77,0.30,4,13
26-Mar-18,79,0.27,3,13
27-Mar-18,57,0.40,8,19
28-Mar-18,51,0.39,4,18
29-Mar-18,84,0.33,3,12
30-Mar-18,56,0.51,9,25
31-Mar-18,47,0.45,6,20
1-Apr-18,91,0.19,2,6
2-Apr-18,77,0.30,3,14
3-Apr-18,40,0.54,12,29
4-Apr-18,47,0.52,9,29
5-Apr-18,46,0.60,10,30
6-Apr-18,72,0.34,3,17
7-Apr-18,67,0.28,3,12
8-Apr-18,96,0.26,2,6
9-Apr-18,97,0.25,2,10
10-Apr-18,55,0.40,6,24
11-Apr-18,19,0.62,14,31
12-Apr-18,0,0.00,0,0
13-Apr-18,0,0.00,0,0
14-Apr-18,64,0.45,5,25
15-Apr-18,92,0.26,3,11
16-Apr-18,53,0.40,5,21
17-Apr-18,63,0.35,6,18
18-Apr-18,66,0.41,5,19
19-Apr-18,73,0.33,3,15
20-Apr-18,71,0.33,9,14
21-Apr-18,94,0.23,2,7
22-Apr-18,72,0.39,4,17
23-Apr-18,63,0.40,6,22
24-Apr-18,60,0.51,9,27
25-Apr-18,48,0.70,14,31
26-Apr-18,60,0.50,9,28
27-Apr-18,58,0.50,7,32
28-Apr-18,83,0.43,6,19
29-Apr-18,94,0.25,3,13
30-Apr-18,56,0.30,3,19
1-May-18,65,0.27,3,15
2-May-18,59,0.40,6,24
3-May-18,71,0.40,7,21
4-May-18,60,0.38,6,24
5-May-18,62,0.26,3,15
6-May-18,59,0.27,3,10
7-May-18,46,0.36,4,12
8-May-18,36,0.60,9,19
9-May-18,52,0.41,6,14
10-May-18,54,0.29,4,13
11-May-18,62,0.26,4,11
12-May-18,79,0.25,2,7
13-May-18,85,0.28,2,11
14-May-18,60,0.28,4,14
15-May-18,51,0.32,5,17
16-May-18,34,0.34,6,20
17-May-18,14,0.47,8,23
18-May-18,0,0.00,0,0
19-May-18,0,0.00,0,0
20-May-18,0,0.00,0,0
21-May-18,0,0.00,0,0
22-May-18,0,0.00,0,0
23-May-18,0,0.00,0,0
24-May-18,0,0.00,0,0
25-May-18,0,0.00,0,0
26-May-18,0,0.00,0,0
27-May-18,0,0.00,0,0
28-May-18,0,0.00,0,0
29-May-18,0,0.00,0,0
30-May-18,0,0.00,0,0
31-May-18,0,0.00,0,0
1-Jun-18,0,0.00,0,0
2-Jun-18,0,0.00,0,0
3-Jun-18,0,0.00,0,0
4-Jun-18,0,0.00,0,0
5-Jun-18,0,0.00,0,0
6-Jun-18,0,0.00,0,0
7-Jun-18,0,0.00,0,0
8-Jun-18,0,0.00,0,0
9-Jun-18,0,0.00,0,0
10-Jun-18,0,0.00,0,0
11-Jun-18,0,0.00,0,0
12-Jun-18,0,0.00,0,0
13-Jun-18,0,0.00,0,0
14-Jun-18,0,0.00,0,0
15-Jun-18,70,0.16,0,0
16-Jun-18,58,0.23,0,0
17-Jun-18,50,0.28,0,0
18-Jun-18,43,0.38,0,0
19-Jun-18,62,0.26,0,0
20-Jun-18,90,0.20,0,0
21-Jun-18,70,0.28,0,0
22-Jun-18,65,0.25,0,0
23-Jun-18,69,0.20,0,0
24-Jun-18,58,0.18,0,0
25-Jun-18,70,0.37,0,0
26-Jun-18,81,0.62,0,0
27-Jun-18,69,0.65,0,0
28-Jun-18,64,0.62,0,0
29-Jun-18,75,0.62,0,0
30-Jun-18,78,0.63,0,0
1-Jul-18,68,0.69,0,0
2-Jul-18,62,0.76,0,0
3-Jul-18,67,0.79,0,0
4-Jul-18,83,0.74,0,0
5-Jul-18,68,0.71,0,0
6-Jul-18,67,0.73,0,0
7-Jul-18,83,0.70,0,0
8-Jul-18,95,0.60,0,0
9-Jul-18,76,0.70,1,23
10-Jul-18,80,0.67,2,23
11-Jul-18,78,0.71,3,34
12-Jul-18,61,0.78,7,43
13-Jul-18,59,0.79,5,46
14-Jul-18,69,0.72,2,27
15-Jul-18,78,0.68,2,24
16-Jul-18,77,0.78,8,44
17-Jul-18,63,0.78,6,43
18-Jul-18,86,0.65,1,20
19-Jul-18,82,0.70,2,35
20-Jul-18,89,0.68,1,23
21-Jul-18,80,0.77,3,34
22-Jul-18,79,0.78,2,34
23-Jul-18,61,0.78,5,42
24-Jul-18,89,0.71,1,22
25-Jul-18,75,0.72,4,33
26-Jul-18,66,0.77,3,35
27-Jul-18,67,0.73,3,37
28-Jul-18,65,0.70,2,33
29-Jul-18,67,0.68,2,24
30-Jul-18,56,0.73,7,33
31-Jul-18,52,0.77,4,35
1-Aug-18,53,0.76,4,33
2-Aug-18,59,0.72,2,27
3-Aug-18,85,0.68,1,14
4-Aug-18,94,0.65,1,9
5-Aug-18,101,0.62,1,10
6-Aug-18,97,0.69,1,20
7-Aug-18,77,0.74,2,30
8-Aug-18,75,0.75,1,28
9-Aug-18,90,0.63,1,13
10-Aug-18,93,0.61,1,8
11-Aug-18,86,0.61,1,8
12-Aug-18,84,0.63,1,9
13-Aug-18,75,0.68,3,19
14-Aug-18,73,0.70,6,25
15-Aug-18,74,0.68,1,22
16-Aug-18,79,0.71,3,28
17-Aug-18,76,0.68,2,29
18-Aug-18,73,0.69,1,25
19-Aug-18,96,0.64,1,12
20-Aug-18,103,0.65,1,9
21-Aug-18,87,0.65,1,15
22-Aug-18,81,0.70,4,24
23-Aug-18,89,0.69,2,22
24-Aug-18,91,0.69,3,25
25-Aug-18,75,0.71,2,28
26-Aug-18,67,0.72,2,29
27-Aug-18,77,0.69,1,23
28-Aug-18,65,0.72,2,25
29-Aug-18,77,0.71,1,19
30-Aug-18,74,0.78,3,28
31-Aug-18,56,0.85,16,44
1-Sep-18,29,1.05,21,59
2-Sep-18,0,0.00,0,0
3-Sep-18,0,0.00,0,0
4-Sep-18,0,0.00,0,0
5-Sep-18,0,0.00,0,0
6-Sep-18,0,0.00,0,0
7-Sep-18,67,0.80,1,40
8-Sep-18,57,0.79,5,40
9-Sep-18,0,0.00,0,0
10-Sep-18,0,0.00,0,0
11-Sep-18,0,0.00,0,0
12-Sep-18,0,0.00,0,0
13-Sep-18,0,0.00,0,0
14-Sep-18,0,0.00,0,0
15-Sep-18,27,0.90,4,61
16-Sep-18,66,0.93,10,33
17-Sep-18,74,0.75,3,30
18-Sep-18,82,0.68,1,16
19-Sep-18,77,0.68,1,18
20-Sep-18,77,0.68,1,20
21-Sep-18,58,0.73,4,32
22-Sep-18,56,0.82,9,40
23-Sep-18,63,0.86,4,44
24-Sep-18,46,0.98,26,57
25-Sep-18,45,0.85,10,31
26-Sep-18,81,0.67,1,10
27-Sep-18,76,0.63,1,10
28-Sep-18,65,0.67,1,14
29-Sep-18,62,0.66,1,17
30-Sep-18,58,0.67,1,13
1-Oct-18,37,0.82,10,37
2-Oct-18,35,1.30,51,48
3-Oct-18,24,1.26,39,52
4-Oct-18,47,0.99,25,36
5-Oct-18,80,0.75,1,20
6-Oct-18,62,0.79,7,30
7-Oct-18,49,0.86,11,33
8-Oct-18,40,0.94,15,42
9-Oct-18,0,0.00,0,0
10-Oct-18,0,0.00,0,0
11-Oct-18,0,0.00,0,0
12-Oct-18,0,0.00,0,0
13-Oct-18,0,0.00,0,0
14-Oct-18,0,0.00,0,0
15-Oct-18,0,0.00,0,0
16-Oct-18,45,0.68,31,41
17-Oct-18,42,0.61,13,42
18-Oct-18,35,0.66,18,43
19-Oct-18,33,0.64,16,47
20-Oct-18,49,0.69,16,44
21-Oct-18,61,0.45,2,23
22-Oct-18,80,0.45,1,17
23-Oct-18,63,0.47,1,21
24-Oct-18,0,0.00,0,0
25-Oct-18,59,0.47,5,25
26-Oct-18,26,0.97,52,58
27-Oct-18,35,0.99,49,43
28-Oct-18,74,0.34,1,14
29-Oct-18,42,0.59,20,37
30-Oct-18,5,1.37,48,59
31-Oct-18,8,1.07,37,53
1-Nov-18,22,1.01,48,57
2-Nov-18,32,0.93,38,60
3-Nov-18,36,0.60,20,33
4-Nov-18,38,0.57,14,34
5-Nov-18,25,0.92,48,50
6-Nov-18,29,0.77,28,43
7-Nov-18,30,0.55,17,33
8-Nov-18,27,0.54,7,36
9-Nov-18,36,0.46,3,29
10-Nov-18,36,0.51,9,30
11-Nov-18,39,0.48,4,29
12-Nov-18,28,0.66,19,40
13-Nov-18,55,0.38,3,21
14-Nov-18,53,0.43,2,20
15-Nov-18,55,0.41,2,18
16-Nov-18,49,0.40,1,17
17-Nov-18,41,0.40,1,14
18-Nov-18,24,0.88,22,24
19-Nov-18,16,0.99,43,38
20-Nov-18,13,1.23,54,42
21-Nov-18,26,0.72,26,44
22-Nov-18,0,0.00,0,0
23-Nov-18,0,0.00,0,0
24-Nov-18,0,0.00,0,0
25-Nov-18,0,0.00,0,0
26-Nov-18,45,0.40,4,28
27-Nov-18,53,0.40,2,25
28-Nov-18,31,0.66,22,41
29-Nov-18,0,0.38,1,10
30-Nov-18,0,0.49,4,21
1-Dec-18,0,1.14,40,38
2-Dec-18,0,0.78,11,31
3-Dec-18,0,1.17,42,51
4-Dec-18,0,1.04,41,49
5-Dec-18,0,0.69,21,42
6-Dec-18,0,0.49,3,22
7-Dec-18,0,0.68,11,29
8-Dec-18,0,1.29,56,52
9-Dec-18,0,1.02,34,30
10-Dec-18,0,0.65,29,39
11-Dec-18,0,0.52,4,29
12-Dec-18,0,0.00,0,0
13-Dec-18,0,0.00,0,0
14-Dec-18,0,0.00,0,0
15-Dec-18,0,0.72,19,38
16-Dec-18,0,0.72,12,39
17-Dec-18,0,1.12,58,48
18-Dec-18,0,0.55,4,26
19-Dec-18,0,0.62,4,23
20-Dec-18,20,1.14,27,35
21-Dec-18,16,1.59,81,56
22-Dec-18,39,1.34,71,36
23-Dec-18,15,1.30,65,61
24-Dec-18,0,0.00,0,0
25-Dec-18,0,0.00,0,0
26-Dec-18,0,0.00,0,0
27-Dec-18,0,0.00,0,0
28-Dec-18,0,0.00,0,0
29-Dec-18,0,0.00,0,0
30-Dec-18,0,0.00,0,0
31-Dec-18,0,0.68,0,0
1-Jan-19,74,0.58,0,0
2-Jan-19,39,1.20,0,0
3-Jan-19,40,0.95,2,21
4-Jan-19,31,0.89,21,40
5-Jan-19,0,0.00,0,0
6-Jan-19,0,0.00,0,0
7-Jan-19,0,0.00,0,0
8-Jan-19,46,1.23,25,38
9-Jan-19,40,1.64,80,46
10-Jan-19,65,0.55,5,31
11-Jan-19,42,0.89,23,55
12-Jan-19,56,0.69,3,26
13-Jan-19,50,0.88,14,34
14-Jan-19,26,1.41,56,53
15-Jan-19,72,0.61,3,19
16-Jan-19,57,1.05,35,34
17-Jan-19,30,2.02,125,60
18-Jan-19,31,2.08,131,59
19-Jan-19,28,1.61,71,50
20-Jan-19,37,1.25,41,39
21-Jan-19,31,1.18,44,48
22-Jan-19,25,1.35,70,46
23-Jan-19,0,0.00,0,0
24-Jan-19,0,0.00,0,0
25-Jan-19,0,0.00,0,0
26-Jan-19,0,0.00,0,0
27-Jan-19,0,0.00,0,0
28-Jan-19,0,0.00,0,0
29-Jan-19,0,0.00,0,0
30-Jan-19,0,0.00,0,0
31-Jan-19,0,0.00,0,0
1-Feb-19,26,1.09,38,36
2-Feb-19,46,1.33,57,39
3-Feb-19,45,1.19,32,38
4-Feb-19,39,1.04,43,41
5-Feb-19,74,0.60,2,25
6-Feb-19,61,0.74,3,41
7-Feb-19,64,0.63,2,17
8-Feb-19,55,0.74,8,31
9-Feb-19,37,0.99,33,42
10-Feb-19,42,1.12,30,39
11-Feb-19,56,0.80,22,47
12-Feb-19,67,0.65,7,34
13-Feb-19,68,0.57,2,15
14-Feb-19,80,0.58,2,15
15-Feb-19,70,0.61,2,22
16-Feb-19,79,0.57,1,16
17-Feb-19,61,0.75,11,31
18-Feb-19,33,1.58,78,65
19-Feb-19,37,1.42,67,56
20-Feb-19,38,1.26,56,57
21-Feb-19,53,1.19,49,46
22-Feb-19,51,1.05,36,55
23-Feb-19,81,0.56,1,17
24-Feb-19,83,0.50,1,8
25-Feb-19,75,0.57,2,15
26-Feb-19,69,0.90,27,31
27-Feb-19,86,0.62,2,21
28-Feb-19,62,0.75,6,41
1-Mar-19,41,1.53,68,59
2-Mar-19,64,0.84,23,45
3-Mar-19,79,0.60,3,23
4-Mar-19,59,0.81,17,45
5-Mar-19,54,1.13,41,51
6-Mar-19,63,0.83,23,55
7-Mar-19,49,0.99,30,55
8-Mar-19,47,1.07,43,58
9-Mar-19,53,1.12,43,49
10-Mar-19,65,0.76,11,40
11-Mar-19,93,0.50,2,17
12-Mar-19,66,0.68,19,33
13-Mar-19,0,0.10,0,0
14-Mar-19,88,0.37,2,27
15-Mar-19,62,0.67,7,36
16-Mar-19,53,1.13,48,44
17-Mar-19,60,0.96,24,45
18-Mar-19,57,0.85,24,44
19-Mar-19,58,0.80,23,46
20-Mar-19,63,0.72,14,33
21-Mar-19,103,0.51,1,12
22-Mar-19,98,0.56,1,15
23-Mar-19,104,0.55,1,16
24-Mar-19,104,0.55,1,14
25-Mar-19,92,0.61,2,32
26-Mar-19,58,0.98,27,60
27-Mar-19,72,0.84,18,36
28-Mar-19,97,0.54,1,17
29-Mar-19,105,0.51,1,11
30-Mar-19,111,0.49,2,10
31-Mar-19,107,0.50,1,11
1-Apr-19,91,0.60,5,29
2-Apr-19,99,0.61,3,26
3-Apr-19,107,0.58,1,21
4-Apr-19,97,0.56,2,30
5-Apr-19,81,0.70,16,40
6-Apr-19,93,0.46,1,18
7-Apr-19,91,0.59,5,31
8-Apr-19,60,0.60,3,44
9-Apr-19,100,0.51,1,21
10-Apr-19,92,0.51,2,25
11-Apr-19,81,0.56,5,39
12-Apr-19,51,0.70,11,53
13-Apr-19,48,0.88,24,54
14-Apr-19,62,1.00,29,38
15-Apr-19,55,0.77,12,43
16-Apr-19,90,0.61,2,22
17-Apr-19,47,0.91,28,54
18-Apr-19,78,0.74,9,37
19-Apr-19,83,0.65,2,29
20-Apr-19,85,0.88,9,31
21-Apr-19,91,0.63,3,32
22-Apr-19,69,0.78,17,56
23-Apr-19,62,0.81,17,68
24-Apr-19,47,0.91,24,75
25-Apr-19,46,0.86,23,72
26-Apr-19,36,0.81,29,64
27-Apr-19,47,0.76,4,53
28-Apr-19,86,0.65,5,26
29-Apr-19,97,0.52,1,21
30-Apr-19,88,0.53,3,31
1-May-19,113,0.49,1,15
2-May-19,91,0.54,4,34
3-May-19,44,0.70,12,61
4-May-19,0,0.00,0,0
5-May-19,0,0.00,0,0
6-May-19,0,0.00,0,0
7-May-19,0,0.00,0,0
8-May-19,70,0.56,5,28
9-May-19,57,0.60,7,35
10-May-19,73,0.54,2,28
11-May-19,46,0.60,10,38
12-May-19,57,0.58,1,30
13-May-19,47,0.53,6,43
14-May-19,49,0.41,16,41
15-May-19,49,0.35,9,39
16-May-19,54,0.33,5,38
17-May-19,46,0.45,14,52
18-May-19,59,0.42,12,35
19-May-19,67,0.38,5,34
20-May-19,44,0.38,13,57
21-May-19,49,0.37,11,48
22-May-19,30,0.54,26,66
23-May-19,64,0.32,6,44
24-May-19,78,0.26,2,27
25-May-19,78,0.28,2,28
26-May-19,69,0.29,2,36
27-May-19,37,0.45,10,68
28-May-19,56,0.44,16,50
29-May-19,67,0.24,2,31
30-May-19,58,0.35,10,41
31-May-19,46,0.38,12,48
1-Jun-19,82,0.23,2,27
2-Jun-19,81,0.19,2,24
3-Jun-19,75,0.24,5,27
4-Jun-19,69,0.24,3,34
5-Jun-19,66,0.23,3,35
6-Jun-19,61,0.30,7,44
7-Jun-19,58,0.40,11,52
8-Jun-19,64,0.38,5,46
9-Jun-19,69,0.33,4,33
10-Jun-19,98,0.19,1,13
11-Jun-19,86,0.26,1,26
12-Jun-19,59,0.38,8,48
13-Jun-19,74,0.31,5,48
14-Jun-19,55,0.45,15,65
15-Jun-19,85,0.27,2,21
16-Jun-19,105,0.20,1,12
17-Jun-19,94,0.25,1,32
18-Jun-19,64,0.36,7,51
19-Jun-19,65,0.33,4,50
20-Jun-19,73,0.34,4,49
21-Jun-19,81,0.37,5,51
22-Jun-19,76,0.34,3,34
23-Jun-19,93,0.29,2,30
24-Jun-19,0,0.00,0,0
25-Jun-19,0,0.00,0,0
26-Jun-19,0,0.00,0,0
27-Jun-19,104,0.10,1,12
28-Jun-19,96,0.13,2,23
29-Jun-19,104,0.10,1,10
30-Jun-19,93,0.10,1,6
1-Jul-19,90,0.10,1,10
2-Jul-19,80,0.11,3,33
3-Jul-19,79,0.17,7,48
4-Jul-19,84,0.18,1,23
5-Jul-19,93,0.17,2,39
6-Jul-19,83,0.15,3,41
7-Jul-19,101,0.17,1,29
8-Jul-19,69,0.31,11,48
9-Jul-19,84,0.45,4,46
10-Jul-19,83,0.43,5,46
11-Jul-19,89,0.38,2,15
12-Jul-19,89,0.43,3,25
13-Jul-19,99,0.35,1,20
14-Jul-19,72,0.30,1,16
15-Jul-19,91,0.23,1,18
16-Jul-19,80,0.30,1,18
17-Jul-19,84,0.33,1,14
18-Jul-19,76,0.44,4,27
19-Jul-19,68,0.49,5,34
20-Jul-19,94,0.39,1,12
21-Jul-19,90,0.40,1,16
22-Jul-19,91,0.42,1,18
23-Jul-19,103,0.39,1,15
24-Jul-19,86,0.38,3,22
25-Jul-19,88,0.38,2,15
26-Jul-19,79,0.45,2,22
27-Jul-19,80,0.48,5,36
28-Jul-19,97,0.43,2,32
29-Jul-19,66,0.40,3,30
30-Jul-19,69,0.39,5,32
31-Jul-19,69,0.43,3,41
1-Aug-19,67,0.48,5,32
2-Aug-19,86,0.45,2,33
3-Aug-19,84,0.43,2,34
4-Aug-19,95,0.36,1,12
5-Aug-19,103,0.40,1,11
6-Aug-19,89,0.42,1,17
7-Aug-19,88,0.45,1,21
8-Aug-19,71,0.52,7,43
9-Aug-19,65,0.50,5,36
10-Aug-19,96,0.42,1,14
11-Aug-19,105,0.39,1,7
12-Aug-19,101,0.38,1,13
13-Aug-19,103,0.52,1,19
14-Aug-19,94,0.43,2,21
15-Aug-19,98,0.38,1,19
16-Aug-19,95,0.38,1,24
17-Aug-19,94,0.37,1,11
18-Aug-19,100,0.38,1,7
19-Aug-19,96,0.40,1,13
20-Aug-19,94,0.40,1,12
21-Aug-19,94,0.37,1,12
22-Aug-19,94,0.42,3,20
23-Aug-19,117,0.41,1,8
24-Aug-19,107,0.40,1,11
25-Aug-19,107,0.36,1,8
26-Aug-19,95,0.41,1,17
27-Aug-19,95,0.40,1,13
28-Aug-19,98,0.41,1,11
29-Aug-19,94,0.45,1,17
30-Aug-19,86,0.45,4,23
31-Aug-19,100,0.40,1,10
1-Sep-19,90,0.42,1,15
2-Sep-19,82,0.48,1,25
3-Sep-19,65,0.62,9,43
4-Sep-19,92,0.50,15,29
5-Sep-19,104,0.42,1,17
6-Sep-19,103,0.40,1,16
7-Sep-19,102,0.40,1,12
8-Sep-19,78,0.56,3,36
9-Sep-19,72,0.55,5,39
10-Sep-19,73,0.55,6,40
11-Sep-19,86,0.42,1,22
12-Sep-19,80,0.43,5,26
13-Sep-19,88,0.40,2,18
14-Sep-19,114,0.44,1,9
15-Sep-19,112,0.41,1,8
16-Sep-19,84,0.50,2,29
17-Sep-19,65,0.62,12,53
18-Sep-19,61,0.65,21,55
19-Sep-19,72,0.62,11,50
20-Sep-19,66,0.51,6,39
21-Sep-19,91,0.45,1,10
22-Sep-19,86,0.50,1,18
23-Sep-19,64,0.63,15,43
24-Sep-19,40,0.78,22,48
25-Sep-19,55,0.50,6,33
26-Sep-19,53,0.70,24,42
27-Sep-19,46,0.73,24,46
28-Sep-19,73,0.53,3,32
29-Sep-19,71,0.61,6,44
30-Sep-19,52,0.73,25,60
1-Oct-19,50,0.75,26,55
2-Oct-19,46,0.62,20,45
3-Oct-19,38,0.45,17,40
4-Oct-19,41,0.37,10,35
5-Oct-19,54,0.38,13,26
6-Oct-19,57,0.40,8,29
7-Oct-19,65,0.32,1,20
8-Oct-19,58,0.32,5,18
9-Oct-19,56,0.43,3,27
10-Oct-19,37,0.73,35,42
11-Oct-19,19,0.95,45,64
12-Oct-19,55,0.40,5,27
13-Oct-19,49,0.51,6,35
14-Oct-19,40,0.68,21,55
15-Oct-19,36,0.73,28,64
16-Oct-19,37,0.67,26,59
17-Oct-19,45,0.53,14,51
18-Oct-19,45,0.61,27,44
19-Oct-19,49,0.49,15,38
20-Oct-19,45,0.43,6,38
21-Oct-19,40,0.62,27,43
22-Oct-19,68,0.40,2,24
23-Oct-19,70,0.35,2,18
24-Oct-19,52,0.52,14,37
25-Oct-19,31,0.87,45,57
26-Oct-19,41,0.69,28,41
27-Oct-19,46,0.66,19,40
28-Oct-19,69,0.41,1,28
29-Oct-19,36,0.74,25,53
30-Oct-19,34,0.74,28,55
31-Oct-19,24,0.72,25,52
1-Nov-19,54,0.37,3,16
2-Nov-19,57,0.40,1,21
3-Nov-19,21,0.63,5,51
4-Nov-19,30,0.73,28,40
5-Nov-19,24,0.77,40,38
6-Nov-19,26,1.04,62,38
7-Nov-19,38,0.61,25,29
8-Nov-19,39,0.57,16,36
9-Nov-19,36,0.75,36,32
10-Nov-19,56,0.36,3,23
11-Nov-19,19,0.84,38,52
12-Nov-19,30,0.75,27,45
13-Nov-19,27,0.53,12,43
14-Nov-19,23,0.80,33,42
15-Nov-19,15,1.26,90,45
16-Nov-19,20,0.84,39,45
17-Nov-19,34,0.59,5,39
18-Nov-19,26,0.93,40,44
19-Nov-19,26,0.84,28,48
20-Nov-19,41,0.79,35,42
21-Nov-19,60,0.42,2,27
22-Nov-19,26,0.84,44,41
23-Nov-19,27,0.84,33,39
24-Nov-19,0,0.47,3,25
25-Nov-19,0,0.73,24,40
26-Nov-19,0,0.93,44,43
27-Nov-19,0,1.27,67,47
28-Nov-19,43,1.30,88,38
29-Nov-19,56,0.33,3,24
30-Nov-19,47,0.44,5,34
1-Dec-19,57,0.42,2,20
2-Dec-19,37,0.85,33,42
3-Dec-19,16,1.57,99,54
4-Dec-19,34,0.55,15,27
5-Dec-19,57,0.38,2,21
6-Dec-19,25,0.88,45,43
7-Dec-19,18,1.13,54,44
8-Dec-19,26,1.20,56,35
9-Dec-19,21,1.10,65,53
10-Dec-19,27,0.62,14,47
11-Dec-19,29,0.72,28,47
12-Dec-19,33,0.82,27,37
13-Dec-19,15,1.26,72,49
14-Dec-19,40,0.80,28,31
15-Dec-19,18,1.53,80,36
16-Dec-19,14,1.62,110,48
17-Dec-19,13,1.74,122,50
18-Dec-19,13,1.56,114,50
19-Dec-19,16,1.28,80,59
20-Dec-19,27,1.06,45,44
21-Dec-19,18,1.18,71,47
22-Dec-19,66,0.30,3,17
23-Dec-19,29,0.62,23,52
24-Dec-19,36,0.50,18,29
25-Dec-19,53,0.42,5,22
26-Dec-19,67,0.34,1,13
27-Dec-19,42,0.51,12,33
28-Dec-19,65,0.37,1,17
29-Dec-19,63,0.34,1,12
30-Dec-19,44,0.39,5,18
31-Dec-19,56,0.53,10,22
1-Jan-20,38,1.31,44,32
2-Jan-20,81,0.30,1,11
3-Jan-20,71,0.38,5,26
4-Jan-20,28,1.34,82,58
5-Jan-20,45,0.98,39,30
6-Jan-20,78,0.31,1,10
7-Jan-20,65,0.35,3,22
8-Jan-20,55,0.52,8,31
9-Jan-20,48,0.77,24,39
10-Jan-20,18,1.23,61,68
11-Jan-20,22,1.39,67,57
12-Jan-20,35,0.90,19,43
13-Jan-20,31,0.89,39,41
14-Jan-20,20,1.02,53,49
15-Jan-20,21,0.98,61,47
16-Jan-20,40,0.62,22,42
17-Jan-20,62,0.40,2,25
18-Jan-20,61,0.30,1,15
19-Jan-20,58,0.43,1,21
20-Jan-20,56,0.43,3,24
21-Jan-20,53,0.59,8,27
22-Jan-20,18,1.61,102,67
23-Jan-20,35,1.10,73,45
24-Jan-20,39,0.89,44,48
25-Jan-20,28,1.30,72,51
26-Jan-20,21,1.30,56,48
27-Jan-20,17,0.97,45,53
28-Jan-20,28,0.89,53,45
29-Jan-20,43,0.47,14,44
30-Jan-20,60,0.39,3,26
31-Jan-20,45,0.65,29,41
1-Feb-20,28,0.93,47,53
2-Feb-20,29,0.95,45,43
3-Feb-20,28,0.90,52,40
4-Feb-20,24,1.03,63,50
5-Feb-20,46,0.43,6,31
6-Feb-20,47,0.42,4,24
7-Feb-20,64,0.46,3,23
8-Feb-20,52,0.49,5,32
9-Feb-20,43,0.73,15,43
10-Feb-20,44,0.96,55,38
11-Feb-20,53,0.53,22,40
12-Feb-20,32,0.84,53,50
13-Feb-20,42,0.55,17,39
14-Feb-20,41,0.69,35,40
15-Feb-20,57,0.40,5,26
16-Feb-20,80,0.35,1,14
17-Feb-20,59,0.54,12,33
18-Feb-20,28,0.98,44,58
19-Feb-20,38,0.85,30,50
20-Feb-20,36,0.75,21,46
21-Feb-20,43,0.64,7,28
22-Feb-20,40,0.70,18,33
23-Feb-20,51,0.63,11,24
24-Feb-20,26,1.29,67,55
25-Feb-20,41,0.84,25,49
26-Feb-20,30,1.02,51,54
27-Feb-20,72,0.41,2,19
28-Feb-20,51,0.59,10,36
29-Feb-20,66,0.52,1,18
1-Mar-20,43,0.73,9,41
2-Mar-20,41,0.79,22,45
3-Mar-20,58,0.72,23,28
4-Mar-20,66,0.45,2,24
5-Mar-20,35,0.77,16,43
6-Mar-20,39,0.82,27,42
7-Mar-20,57,0.60,11,31
8-Mar-20,76,0.36,1,14
9-Mar-20,35,0.53,8,48
10-Mar-20,43,0.65,11,43
11-Mar-20,28,1.00,28,53
12-Mar-20,44,0.96,27,36
13-Mar-20,51,1.05,25,35
14-Mar-20,42,0.94,28,47
15-Mar-20,55,0.38,6,24
16-Mar-20,72,0.46,1,8
17-Mar-20,64,0.75,4,20
18-Mar-20,51,0.93,19,35
19-Mar-20,73,0.63,1,17
20-Mar-20,49,0.98,20,40
21-Mar-20,62,0.78,7,42
22-Mar-20,69,0.44,1,29
23-Mar-20,44,0.34,6,33
24-Mar-20,41,0.36,3,21
25-Mar-20,61,0.39,1,6
26-Mar-20,49,0.37,1,13
27-Mar-20,45,0.26,2,20
28-Mar-20,51,0.48,5,18
29-Mar-20,46,0.61,4,21
30-Mar-20,47,0.68,19,29
31-Mar-20,72,0.74,15,23
1-Apr-20,75,0.47,1,17
2-Apr-20,76,0.62,1,13
3-Apr-20,59,0.48,2,23
4-Apr-20,70,0.23,1,11
5-Apr-20,74,0.16,1,6
6-Apr-20,86,0.32,1,10
7-Apr-20,86,0.38,1,8
8-Apr-20,93,0.65,1,9
9-Apr-20,92,0.90,1,12
10-Apr-20,84,0.86,1,23
11-Apr-20,60,0.79,11,44
12-Apr-20,96,0.77,1,18
13-Apr-20,71,0.47,9,40
14-Apr-20,81,0.71,16,37
15-Apr-20,75,0.40,5,24
16-Apr-20,77,0.53,1,10
17-Apr-20,62,0.55,4,27
18-Apr-20,65,0.32,4,27
19-Apr-20,70,0.23,1,17
20-Apr-20,61,0.19,3,21
21-Apr-20,71,0.10,1,14
22-Apr-20,77,0.34,1,9
23-Apr-20,85,0.63,1,10
24-Apr-20,87,0.73,1,13
25-Apr-20,31,0.85,13,46
26-Apr-20,77,0.30,3,27
27-Apr-20,69,0.32,11,34
28-Apr-20,66,0.27,7,36
29-Apr-20,62,0.37,15,38
30-Apr-20,0,0.00,0,0
1-May-20,90,0.31,2,13
2-May-20,70,0.40,11,26
3-May-20,71,0.32,4,14
4-May-20,77,0.38,2,15
5-May-20,87,0.86,4,18
6-May-20,62,0.52,5,38
7-May-20,76,0.38,1,18
8-May-20,76,0.79,1,24
9-May-20,77,0.55,3,34
10-May-20,80,0.46,2,32
11-May-20,69,0.21,3,32
12-May-20,76,0.22,4,34
13-May-20,51,0.53,19,53
14-May-20,49,0.47,16,61
15-May-20,44,0.83,33,70
16-May-20,70,0.89,18,53
17-May-20,79,0.40,6,44
18-May-20,72,0.19,8,61
19-May-20,64,0.10,5,57
20-May-20,59,0.10,7,41
21-May-20,80,0.27,2,19
22-May-20,79,0.34,1,9
23-May-20,75,0.79,3,21
24-May-20,86,1.02,1,18
25-May-20,75,0.59,1,20
26-May-20,59,0.51,1,19
27-May-20,59,0.40,1,20
28-May-20,44,0.82,8,34
29-May-20,39,0.73,17,41
30-May-20,61,0.61,10,29
31-May-20,81,0.62,1,19
1-Jun-20,51,0.60,3,34
2-Jun-20,65,0.55,6,25
3-Jun-20,57,0.69,5,28
4-Jun-20,53,0.58,10,30
5-Jun-20,60,0.65,9,27
6-Jun-20,73,0.66,2,18
7-Jun-20,74,0.47,1,16
8-Jun-20,62,0.61,4,28
9-Jun-20,48,0.51,10,32
10-Jun-20,50,0.57,7,33
11-Jun-20,68,0.50,2,19
12-Jun-20,77,0.90,2,20
13-Jun-20,80,0.73,1,19
14-Jun-20,84,0.61,1,20
15-Jun-20,67,0.77,7,34
16-Jun-20,71,0.70,2,26
17-Jun-20,80,0.56,2,17
18-Jun-20,71,0.57,2,22
19-Jun-20,70,0.55,2,26
20-Jun-20,65,0.44,3,35
21-Jun-20,75,0.34,2,26
22-Jun-20,74,0.31,2,23
23-Jun-20,57,0.39,8,31
24-Jun-20,58,0.35,4,34
25-Jun-20,66,0.17,2,21
26-Jun-20,72,0.37,3,21
27-Jun-20,96,0.27,1,8
28-Jun-20,90,0.82,1,8
29-Jun-20,69,0.71,7,37
30-Jun-20,63,0.46,11,55
1-Jul-20,74,0.24,3,35
2-Jul-20,91,0.16,2,22
3-Jul-20,65,0.34,3,43
4-Jul-20,75,0.00,2,32
5-Jul-20,80,0.00,1,17
6-Jul-20,87,0.10,1,14
7-Jul-20,65,0.00,2,34
8-Jul-20,73,0.10,2,20
9-Jul-20,86,0.18,1,10
10-Jul-20,91,0.50,1,11
11-Jul-20,84,0.47,1,14
12-Jul-20,78,0.48,1,13
13-Jul-20,79,0.43,1,18
14-Jul-20,88,0.40,1,10
15-Jul-20,92,0.67,1,19
16-Jul-20,71,0.29,5,35
17-Jul-20,89,0.32,1,26
18-Jul-20,88,0.45,1,25
19-Jul-20,80,0.17,1,26
20-Jul-20,73,0.10,3,34
21-Jul-20,74,0.15,4,24
22-Jul-20,94,0.27,1,17
23-Jul-20,110,0.24,1,13
24-Jul-20,102,0.43,1,16
25-Jul-20,92,0.34,1,23
26-Jul-20,77,0.10,1,28
27-Jul-20,72,0.10,2,33
28-Jul-20,80,0.15,1,22
29-Jul-20,94,0.18,2,22
30-Jul-20,98,0.33,2,21
31-Jul-20,82,0.37,9,38
1-Aug-20,73,0.10,6,49
2-Aug-20,88,0.10,1,13
3-Aug-20,98,0.15,1,15
4-Aug-20,80,0.31,5,30
5-Aug-20,68,0.10,6,45
6-Aug-20,80,0.10,2,25
7-Aug-20,69,0.00,1,26
8-Aug-20,52,0.10,5,26
9-Aug-20,86,0.13,1,12
10-Aug-20,91,0.17,1,11
11-Aug-20,68,0.53,10,27
12-Aug-20,66,0.53,11,31
13-Aug-20,74,0.34,3,27
14-Aug-20,90,0.18,1,16
15-Aug-20,97,0.28,1,16
16-Aug-20,91,0.20,1,12
17-Aug-20,91,0.25,1,7
18-Aug-20,78,0.43,3,25
19-Aug-20,68,0.10,4,30
20-Aug-20,66,0.10,2,27
21-Aug-20,85,0.18,1,14
22-Aug-20,90,0.30,3,21
23-Aug-20,89,0.34,1,21
24-Aug-20,92,0.19,1,18
25-Aug-20,88,0.21,6,26
26-Aug-20,91,0.10,1,19
27-Aug-20,76,0.15,5,41
28-Aug-20,70,0.23,5,29
29-Aug-20,77,0.53,5,41
30-Aug-20,81,0.12,2,32
31-Aug-20,68,0.17,15,42
1-Sep-20,68,0.33,14,49
2-Sep-20,63,0.10,4,43
3-Sep-20,63,0.11,5,48
4-Sep-20,69,0.13,12,30
5-Sep-20,90,0.35,1,9
6-Sep-20,77,0.37,1,21
7-Sep-20,78,0.48,4,34
8-Sep-20,76,0.45,9,34
9-Sep-20,104,0.27,1,9
10-Sep-20,96,0.39,1,14
11-Sep-20,79,0.36,2,20
12-Sep-20,87,0.31,1,11
13-Sep-20,91,0.25,1,11
14-Sep-20,100,0.34,1,10
15-Sep-20,95,0.43,1,14
16-Sep-20,78,0.35,2,24
17-Sep-20,64,0.33,4,27
18-Sep-20,73,0.15,2,12
19-Sep-20,72,0.14,1,8
20-Sep-20,76,0.25,1,7
21-Sep-20,61,0.48,1,17
22-Sep-20,54,0.39,3,28
23-Sep-20,49,0.36,16,40
24-Sep-20,41,0.25,11,37
25-Sep-20,50,0.28,10,37
26-Sep-20,50,0.27,11,25
27-Sep-20,77,0.35,1,11
28-Sep-20,42,0.37,4,30
29-Sep-20,61,0.22,3,21
30-Sep-20,64,0.29,2,23
1-Oct-20,58,0.50,9,31
2-Oct-20,48,0.50,17,44
3-Oct-20,48,0.40,12,33
4-Oct-20,43,0.35,8,27
5-Oct-20,28,0.22,17,45
6-Oct-20,39,0.16,18,54
7-Oct-20,43,0.26,37,55
8-Oct-20,78,0.00,3,27
9-Oct-20,90,0.00,3,25
10-Oct-20,83,0.00,7,34
11-Oct-20,83,0.00,5,30
12-Oct-20,72,0.00,17,29
13-Oct-20,78,0.00,3,22
14-Oct-20,81,0.00,14,34
15-Oct-20,70,0.00,23,42
16-Oct-20,66,0.00,28,33
17-Oct-20,61,0.00,10,35
18-Oct-20,75,0.00,4,25
19-Oct-20,66,0.00,20,31
20-Oct-20,87,0.00,1,14
21-Oct-20,93,0.00,2,17
22-Oct-20,84,0.00,13,30
23-Oct-20,73,0.00,31,51
24-Oct-20,51,0.00,36,49
25-Oct-20,71,0.00,10,29
26-Oct-20,73,0.00,25,44
27-Oct-20,66,0.00,30,48
28-Oct-20,69,0.00,12,26
29-Oct-20,75,0.00,19,34
30-Oct-20,60,0.00,36,39
31-Oct-20,78,0.00,15,33
1-Nov-20,69,0.00,13,29
2-Nov-20,57,0.00,56,50
3-Nov-20,47,0.00,66,57
4-Nov-20,67,0.00,23,29
5-Nov-20,90,0.00,2,20
6-Nov-20,87,0.00,3,18
7-Nov-20,95,0.00,1,6
8-Nov-20,100,0.00,1,6
9-Nov-20,82,0.00,9,20
10-Nov-20,84,0.00,4,18
11-Nov-20,85,0.00,2,12
12-Nov-20,83,0.00,6,30
13-Nov-20,77,0.00,21,39
14-Nov-20,88,0.00,4,20
15-Nov-20,90,0.00,2,21
16-Nov-20,74,0.00,22,42
17-Nov-20,65,0.00,27,33
18-Nov-20,78,0.00,20,30
19-Nov-20,97,0.00,2,11
20-Nov-20,100,0.00,3,16
21-Nov-20,99,0.00,1,9
22-Nov-20,96,0.00,1,8
23-Nov-20,90,0.00,10,27
24-Nov-20,80,0.00,13,25
25-Nov-20,94,0.00,2,16
26-Nov-20,85,0.00,6,27
27-Nov-20,59,0.00,19,42
28-Nov-20,44,0.00,33,42
29-Nov-20,63,0.00,10,26
30-Nov-20,60,0.00,13,35
1-Dec-20,70,0.00,2,16
2-Dec-20,52,0.00,5,25
3-Dec-20,28,0.00,5,34
4-Dec-20,28,0.00,20,38
5-Dec-20,19,0.00,20,38
6-Dec-20,31,0.00,3,25
7-Dec-20,27,0.00,11,38
8-Dec-20,23,0.00,55,42
9-Dec-20,39,0.00,20,22
10-Dec-20,38,0.00,6,29
11-Dec-20,24,0.00,45,42
12-Dec-20,26,0.00,30,31
13-Dec-20,39,0.00,2,16
14-Dec-20,30,0.00,3,15
15-Dec-20,27,0.00,3,18
16-Dec-20,18,0.00,24,31
17-Dec-20,18,0.00,40,33
18-Dec-20,8,0.40,40,35
19-Dec-20,26,0.24,4,25
20-Dec-20,37,0.16,1,16
21-Dec-20,38,0.15,3,19
22-Dec-20,24,0.29,9,27
23-Dec-20,9,0.78,64,43
24-Dec-20,18,0.65,51,34
25-Dec-20,27,0.61,18,27
26-Dec-20,31,0.85,23,20
27-Dec-20,57,0.10,1,7
28-Dec-20,38,0.20,21,31
29-Dec-20,53,0.11,5,26
30-Dec-20,53,0.10,4,22
31-Dec-20,50,0.13,3,20
1-Jan-21,37,0.40,12,25
2-Jan-21,22,0.40,8,35
3-Jan-21,39,0.33,8,20
4-Jan-21,45,0.22,5,23
5-Jan-21,32,0.50,27,37
6-Jan-21,25,0.60,19,30
7-Jan-21,7,1.41,92,53
8-Jan-21,29,0.63,42,31
9-Jan-21,35,0.40,24,25
10-Jan-21,21,0.65,26,25
11-Jan-21,34,0.15,4,23
12-Jan-21,46,0.12,3,18
13-Jan-21,35,0.18,11,29
14-Jan-21,39,0.19,5,29
15-Jan-21,41,0.18,3,22
16-Jan-21,40,0.13,1,15
17-Jan-21,45,0.17,1,11
18-Jan-21,31,0.25,2,22
19-Jan-21,20,0.50,24,39
20-Jan-21,15,1.23,89,57
21-Jan-21,14,1.63,115,54
22-Jan-21,17,1.06,73,45
23-Jan-21,55,0.13,3,18
24-Jan-21,47,0.15,5,19
25-Jan-21,52,0.11,3,24
26-Jan-21,39,0.23,13,28
27-Jan-21,43,0.12,2,18
28-Jan-21,35,0.31,12,33
29-Jan-21,18,1.24,103,55
30-Jan-21,25,1.15,56,41
31-Jan-21,41,0.61,15,23
1-Feb-21,29,0.47,21,41
2-Feb-21,23,0.78,49,43
3-Feb-21,15,0.74,45,53
4-Feb-21,22,0.70,36,43
5-Feb-21,17,0.85,56,50
6-Feb-21,21,0.70,36,41
7-Feb-21,39,0.54,15,26
8-Feb-21,61,0.19,3,19
9-Feb-21,46,0.36,22,33
10-Feb-21,32,0.38,15,43
11-Feb-21,48,0.50,20,27
12-Feb-21,49,0.43,28,33
13-Feb-21,61,0.31,1,16
14-Feb-21,61,0.26,1,11
15-Feb-21,60,0.26,3,15
16-Feb-21,48,0.28,1,16
17-Feb-21,38,0.71,21,35
18-Feb-21,21,1.22,70,57
19-Feb-21,25,1.10,61,55
20-Feb-21,27,0.79,27,46
21-Feb-21,60,0.30,2,18
22-Feb-21,32,0.63,23,44
23-Feb-21,21,0.92,49,62
24-Feb-21,53,0.67,36,41
25-Feb-21,70,0.31,5,21
26-Feb-21,52,0.40,5,31
27-Feb-21,37,0.55,16,46
28-Feb-21,52,0.41,6,21
1-Mar-21,49,0.36,13,30
2-Mar-21,67,0.23,2,14
3-Mar-21,72,0.26,2,18
4-Mar-21,43,0.57,17,48
5-Mar-21,34,0.79,33,52
6-Mar-21,64,0.31,10,31
7-Mar-21,71,0.25,1,10
8-Mar-21,61,0.30,5,24
9-Mar-21,61,0.35,6,30
10-Mar-21,60,0.40,11,39
11-Mar-21,69,0.27,2,15
12-Mar-21,62,0.37,7,29
13-Mar-21,49,0.45,12,36
14-Mar-21,42,0.45,5,32
15-Mar-21,72,0.25,4,17
16-Mar-21,83,0.21,2,13
17-Mar-21,71,0.23,3,19
18-Mar-21,71,0.24,4,23
19-Mar-21,57,0.29,7,30
20-Mar-21,47,0.33,4,25
21-Mar-21,55,0.30,1,16
22-Mar-21,61,0.32,5,27
23-Mar-21,62,0.29,3,20
24-Mar-21,82,0.23,2,12
25-Mar-21,82,0.26,1,12
26-Mar-21,54,0.45,14,38
27-Mar-21,65,0.48,10,37
28-Mar-21,65,0.45,4,34
29-Mar-21,58,0.54,26,46
30-Mar-21,98,0.23,1,14
31-Mar-21,87,0.23,2,15
1-Apr-21,71,0.32,2,28
2-Apr-21,49,0.61,32,45
3-Apr-21,61,0.44,18,32
4-Apr-21,85,0.22,1,16
5-Apr-21,42,0.30,7,28
6-Apr-21,64,0.25,4,21
7-Apr-21,87,0.20,4,22
8-Apr-21,0,0.00,0,0
9-Apr-21,0,0.00,0,0
10-Apr-21,100,0.26,1,22
11-Apr-21,80,0.32,2,27
12-Apr-21,68,0.37,17,40
13-Apr-21,60,0.41,20,44
14-Apr-21,59,0.41,20,39
15-Apr-21,73,0.30,12,30
16-Apr-21,82,0.24,1,18
17-Apr-21,90,0.23,1,11
18-Apr-21,59,0.30,2,27
19-Apr-21,60,0.38,18,33
20-Apr-21,104,0.20,1,16
21-Apr-21,85,0.44,9,28
22-Apr-21,67,0.31,9,34
23-Apr-21,61,0.35,13,44
24-Apr-21,72,0.21,1,12
25-Apr-21,66,0.24,1,15
26-Apr-21,52,0.38,8,41
27-Apr-21,53,0.32,13,41
28-Apr-21,58,0.32,9,32
29-Apr-21,37,0.42,13,48
30-Apr-21,47,0.35,10,39
1-May-21,41,0.53,20,52
2-May-21,53,0.61,5,46
3-May-21,45,0.45,6,38
4-May-21,69,0.23,1,24
5-May-21,62,0.27,7,33
6-May-21,62,0.24,4,30
7-May-21,38,0.39,15,46
8-May-21,63,0.28,4,34
9-May-21,92,0.17,1,6
10-May-21,88,0.20,1,16
11-May-21,80,0.23,2,22
12-May-21,72,0.29,5,36
13-May-21,58,0.27,9,33
14-May-21,68,0.21,3,24
15-May-21,44,0.28,7,41
16-May-21,67,0.20,1,20
17-May-21,59,0.24,4,30
18-May-21,61,0.23,3,29
19-May-21,55,0.33,10,41
20-May-21,75,0.28,3,23
21-May-21,80,0.18,1,16
22-May-21,72,0.26,3,27
23-May-21,77,0.31,2,32
24-May-21,56,0.43,14,58
25-May-21,67,0.35,8,48
26-May-21,64,0.29,6,51
27-May-21,67,0.27,7,49
28-May-21,0,0.00,0,0
29-May-21,0,0.00,0,0
30-May-21,0,0.00,0,0
31-May-21,0,0.00,0,0
1-Jun-21,96,0.18,2,13
2-Jun-21,75,0.20,3,20
3-Jun-21,72,0.28,4,33
4-Jun-21,59,0.26,1,26
5-Jun-21,65,0.17,1,18
6-Jun-21,59,0.23,2,26
7-Jun-21,52,0.30,9,42
8-Jun-21,51,0.28,5,38
9-Jun-21,60,0.21,1,21
10-Jun-21,52,0.24,2,30
11-Jun-21,38,0.53,11,43
12-Jun-21,45,0.45,8,32
13-Jun-21,60,0.32,2,22
14-Jun-21,58,0.30,2,21
15-Jun-21,56,0.26,2,20
16-Jun-21,48,0.36,11,28
17-Jun-21,50,0.43,11,36
18-Jun-21,50,0.43,10,42
19-Jun-21,64,0.38,7,32
20-Jun-21,82,0.27,1,23
21-Jun-21,67,0.29,3,28
22-Jun-21,59,0.31,8,37
23-Jun-21,63,0.33,4,40
24-Jun-21,61,0.36,8,47
25-Jun-21,60,0.40,9,46
26-Jun-21,60,0.35,10,46
27-Jun-21,83,0.22,3,27
28-Jun-21,78,0.20,2,28
29-Jun-21,96,0.87,2,29
30-Jun-21,95,1.23,3,35
1-Jul-21,57,1.34,9,49
2-Jul-21,84,1.09,2,24
3-Jul-21,94,0.65,1,13
4-Jul-21,93,0.20,1,11
5-Jul-21,81,0.55,2,17
6-Jul-21,61,0.50,7,28
7-Jul-21,74,1.00,4,20
8-Jul-21,88,0.62,1,6
9-Jul-21,94,0.49,1,4
10-Jul-21,106,0.51,1,4
11-Jul-21,101,0.58,1,3
12-Jul-21,78,0.56,2,5
13-Jul-21,78,0.62,3,5
14-Jul-21,89,0.53,2,5
15-Jul-21,96,0.22,2,4
16-Jul-21,74,0.36,4,6
17-Jul-21,89,0.52,2,5
18-Jul-21,91,0.72,2,4
19-Jul-21,74,0.48,1,5
20-Jul-21,68,0.35,1,4
21-Jul-21,68,0.60,2,4
22-Jul-21,94,0.35,0,0
23-Jul-21,93,0.18,0,0
24-Jul-21,96,0.16,0,0
25-Jul-21,106,0.16,0,0
26-Jul-21,108,0.23,1,7
27-Jul-21,97,0.44,3,17
28-Jul-21,117,0.25,1,13
29-Jul-21,91,0.38,4,40
30-Jul-21,83,0.45,7,53
31-Jul-21,75,0.52,9,56
1-Aug-21,82,0.45,5,47
2-Aug-21,84,0.50,11,63
3-Aug-21,44,0.72,30,76
4-Aug-21,64,0.00,15,76
5-Aug-21,47,0.00,30,69
6-Aug-21,58,0.00,15,39
7-Aug-21,89,0.00,2,9
8-Aug-21,81,0.00,2,26
9-Aug-21,89,0.00,2,33
10-Aug-21,73,0.00,10,54
11-Aug-21,62,0.00,7,52
12-Aug-21,98,0.00,2,12
13-Aug-21,102,0.00,2,12
14-Aug-21,110,0.00,1,5
15-Aug-21,112,0.00,1,4
16-Aug-21,104,0.00,1,10
17-Aug-21,95,0.00,6,31
18-Aug-21,74,0.00,9,42
19-Aug-21,89,0.00,1,21
20-Aug-21,118,0.00,1,7
21-Aug-21,105,0.00,1,9
22-Aug-21,98,0.00,1,10
23-Aug-21,100,0.00,2,11
24-Aug-21,97,0.00,1,13
25-Aug-21,88,0.00,5,32
26-Aug-21,64,0.00,12,45
27-Aug-21,59,0.00,5,36
28-Aug-21,78,0.00,2,25
29-Aug-21,85,0.00,1,14
30-Aug-21,86,0.00,2,28
31-Aug-21,87,0.00,3,29
1-Sep-21,89,0.00,5,31
2-Sep-21,91,0.00,1,13
3-Sep-21,83,0.00,2,18
4-Sep-21,93,0.00,1,12
5-Sep-21,101,0.00,1,9
6-Sep-21,94,0.00,1,10
7-Sep-21,93,0.00,2,8
8-Sep-21,70,0.00,2,15
9-Sep-21,62,0.00,3,18
10-Sep-21,71,0.00,2,22
11-Sep-21,68,0.00,9,29
12-Sep-21,106,0.00,1,15
13-Sep-21,103,0.00,2,16
14-Sep-21,98,0.00,3,24
15-Sep-21,76,0.00,12,46
16-Sep-21,69,0.00,18,54
17-Sep-21,57,0.00,24,55
18-Sep-21,52,0.00,15,40
19-Sep-21,46,0.00,10,41
20-Sep-21,40,0.00,26,43
21-Sep-21,64,0.00,11,34
22-Sep-21,78,0.00,2,18
23-Sep-21,74,0.00,2,12
24-Sep-21,61,0.00,12,35
25-Sep-21,54,0.00,18,45
26-Sep-21,65,0.00,6,33
27-Sep-21,55,0.00,16,47
28-Sep-21,88,0.00,1,17
29-Sep-21,81,0.00,1,8
30-Sep-21,86,0.00,1,6
1-Oct-21,83,0.00,1,5
2-Oct-21,88,0.00,1,4
3-Oct-21,83,0.00,0,0
4-Oct-21,64,0.00,0,0
5-Oct-21,65,0.00,0,0
6-Oct-21,85,0.00,0,0
7-Oct-21,75,0.00,0,0
8-Oct-21,26,0.00,0,0
9-Oct-21,53,0.00,0,0
10-Oct-21,39,0.00,0,0
11-Oct-21,34,0.00,0,0
12-Oct-21,23,0.00,0,0
13-Oct-21,35,0.00,0,0
14-Oct-21,28,0.00,0,0
15-Oct-21,0,0.00,0,0
16-Oct-21,0,0.00,0,0
17-Oct-21,0,0.00,0,0
18-Oct-21,0,0.00,0,0
19-Oct-21,0,0.00,0,0
20-Oct-21,0,0.00,0,0
21-Oct-21,0,0.00,0,0
22-Oct-21,0,0.00,0,0
23-Oct-21,0,0.00,0,0
24-Oct-21,0,0.00,0,0
25-Oct-21,0,0.00,0,0
26-Oct-21,0,0.00,0,0
27-Oct-21,73,0.29,0,0
28-Oct-21,70,0.25,1,7
29-Oct-21,68,0.30,0,0
30-Oct-21,51,0.39,0,0
31-Oct-21,62,0.32,0,0
1-Nov-21,31,0.79,0,0
2-Nov-21,25,0.60,9,23
3-Nov-21,24,0.89,40,25
4-Nov-21,23,0.88,35,22
5-Nov-21,18,0.63,19,22
6-Nov-21,11,1.04,33,31
7-Nov-21,25,0.65,16,16
8-Nov-21,25,0.58,17,21
9-Nov-21,28,0.49,9,17
10-Nov-21,61,0.24,1,5
11-Nov-21,47,0.32,4,15
12-Nov-21,26,0.55,20,26
13-Nov-21,27,0.62,13,29
14-Nov-21,28,0.55,5,23
15-Nov-21,63,0.33,1,9
16-Nov-21,69,0.26,1,7
17-Nov-21,54,0.28,1,9
18-Nov-21,26,0.51,8,25
19-Nov-21,32,0.43,4,16
20-Nov-21,51,0.34,2,10
21-Nov-21,34,0.60,16,20
22-Nov-21,36,0.90,44,20
23-Nov-21,33,0.69,35,20
24-Nov-21,34,0.32,3,11
25-Nov-21,40,0.38,3,15
26-Nov-21,11,1.34,73,29
27-Nov-21,34,0.98,48,17
28-Nov-21,54,0.34,8,11
29-Nov-21,50,0.26,3,14
30-Nov-21,57,0.28,3,11
1-Dec-21,32,0.47,17,21
2-Dec-21,28,1.33,90,29
3-Dec-21,42,0.87,63,20
4-Dec-21,32,0.50,12,22
5-Dec-21,20,0.76,24,22
6-Dec-21,47,1.00,64,17
7-Dec-21,55,0.31,3,15
8-Dec-21,30,0.51,19,17
9-Dec-21,54,0.52,41,17
10-Dec-21,64,0.25,3,15
11-Dec-21,77,0.29,3,9
12-Dec-21,49,0.37,11,18
13-Dec-21,22,0.67,25,23
14-Dec-21,28,0.36,5,13
15-Dec-21,32,0.40,4,15
16-Dec-21,19,0.75,46,30
17-Dec-21,19,0.81,40,32
18-Dec-21,50,0.23,1,7
19-Dec-21,44,0.30,4,10
20-Dec-21,14,1.48,122,39
21-Dec-21,22,0.54,34,28
22-Dec-21,27,0.41,9,25
23-Dec-21,24,0.55,24,29
24-Dec-21,15,0.80,53,32
25-Dec-21,19,1.15,56,29
26-Dec-21,19,1.30,56,25
27-Dec-21,24,0.76,49,24
28-Dec-21,44,0.20,2,10
29-Dec-21,13,0.68,37,25
30-Dec-21,23,0.66,25,15
31-Dec-21,36,0.38,6,12
